alcaldia_cumplimiento,colonia_cumpliemiento,Average of valor_unitario_suelo
ALVARO OBREGON,1RA AMPLIACION PRESIDENTES,1545.37
ALVARO OBREGON,1RA SECCION CAÃ¯Â¿Â½ADA,1184.55301
ALVARO OBREGON,1RA VICTORIA,1889.886175
ALVARO OBREGON,2DA AMPLIACION PRESIDENTES,1545.37
ALVARO OBREGON,2DA DEL MORAL DEL PUEBLO TETELPAN,2793.65
ALVARO OBREGON,2DA SECCION CAÃ¯Â¿Â½ADA,1177.92
ALVARO OBREGON,2DO REACOMODO TLACUITLAPA,1342.376437
ALVARO OBREGON,8 DE AGOSTO,3953.924498
ALVARO OBREGON,ABRAHAM M GONZALEZ,2010.8
ALVARO OBREGON,ACUEDUCTO,1563.16
ALVARO OBREGON,ACUILOTLA,1863.89
ALVARO OBREGON,ALCANTARILLA,2486.335833
ALVARO OBREGON,ALFONSO XIII,2596.373539
ALVARO OBREGON,ALTAVISTA,7560.485667
ALVARO OBREGON,AMPLIACION ACUEDUCTO,1499.73
ALVARO OBREGON,AMPLIACION ALPES,2462.18
ALVARO OBREGON,AMPLIACION EL CAPULIN,1563.16
ALVARO OBREGON,AMPLIACION ESTADO DE HIDALGO,1476.84
ALVARO OBREGON,AMPLIACION JALALPA,803.32
ALVARO OBREGON,AMPLIACION LA CEBADA,1148.756691
ALVARO OBREGON,AMPLIACION LA MEXICANA,976.2946154
ALVARO OBREGON,AMPLIACION LAS AGUILAS,1802.43
ALVARO OBREGON,AMPLIACION LOS PIRULES,1476.84
ALVARO OBREGON,AMPLIACION PILOTO ADOLFO LOPEZ MATEOS,1326.266208
ALVARO OBREGON,AMPLIACION TEPEACA,1057.83
ALVARO OBREGON,AMPLIACION TLACUITLAPA,1342.03
ALVARO OBREGON,ARCOS CENTENARIO,1358.62
ALVARO OBREGON,ARTURO MARTINEZ,1880.407802
ALVARO OBREGON,ARVIDE,2004.886517
ALVARO OBREGON,ATLAMAYA,4275.98
ALVARO OBREGON,AVE REAL,1057.83
ALVARO OBREGON,BALCONES DE CEHUAYO,1529.25096
ALVARO OBREGON,BARRIO ALFALFAR,2582.93
ALVARO OBREGON,BARRIO LA OTRA BANDA,8660.964701
ALVARO OBREGON,BARRIO LORETO,9299.902145
ALVARO OBREGON,BARRIO NORTE,1671.383438
ALVARO OBREGON,BARRIO SANTA MARIA NONOALCO,2729.68
ALVARO OBREGON,BEJERO DEL PUEBLO SANTA FE,2832.99
ALVARO OBREGON,BELEM DE LAS FLORES,2033.37
ALVARO OBREGON,BELLAVISTA,1659.02
ALVARO OBREGON,BONANZA,2010.8
ALVARO OBREGON,BOSQUE,1788.36
ALVARO OBREGON,CALZADA JALALPA,1250.574138
ALVARO OBREGON,CAMPESTRE,7643.896752
ALVARO OBREGON,CAMPO DE TIRO LOS GAMITOS,1153.95
ALVARO OBREGON,CANUTILLO,1659.2
ALVARO OBREGON,CANUTILLO 2DA SECCION,1809.230922
ALVARO OBREGON,CANUTILLO 3RA SECCION,1659.2
ALVARO OBREGON,CARLOS A MADRAZO,4207.753796
ALVARO OBREGON,CAROLA,4299.89
ALVARO OBREGON,CEHUAYA,1222.332041
ALVARO OBREGON,CHIMALISTAC,7991.50978
ALVARO OBREGON,COLINA DEL SUR,2393.03
ALVARO OBREGON,COLINAS DE TARANGO,1375.087196
ALVARO OBREGON,COOPERATIVA UNION OLIVOS,1122.36
ALVARO OBREGON,CORPUS CHRISTY,1551.706461
ALVARO OBREGON,COVE,2400.71
ALVARO OBREGON,CRISTO REY,2293.667123
ALVARO OBREGON,CUEVITAS,2586.506
ALVARO OBREGON,DESARROLLO URBANO,815.5115741
ALVARO OBREGON,DOS RIOS DEL PUEBLO DE SANTA LUCIA,1730.2
ALVARO OBREGON,EL ARBOL,1256.614
ALVARO OBREGON,EL BOSQUE 2A SECC,1788.36
ALVARO OBREGON,EL CAPULIN,2463.201953
ALVARO OBREGON,EL CUERNITO,3210.05
ALVARO OBREGON,EL ENCINO DEL PUEBLO TETELPAN,1949.550606
ALVARO OBREGON,EL MIRADOR DEL PUEBLO TETELPAN,1950.88
ALVARO OBREGON,EL PIRU 2DA AMPLIACION,1320.71
ALVARO OBREGON,EL PIRU SANTA FE,1310.856154
ALVARO OBREGON,EL PIRUL,1377.81
ALVARO OBREGON,EL POCITO,1125.192432
ALVARO OBREGON,EL POLITOCO,1452.780303
ALVARO OBREGON,EL RINCON,1635.16
ALVARO OBREGON,EL RODEO,1020.41
ALVARO OBREGON,EL RUEDO,1342.03
ALVARO OBREGON,EL TEJOCOTE,919.7062553
ALVARO OBREGON,ERMITA TIZAPAN,3164.311151
ALVARO OBREGON,ESTADO DE HIDALGO,1188.19
ALVARO OBREGON,EX HACIENDA DE TARANGO,2818.65
ALVARO OBREGON,EX-HACIENDA DE GUADALUPE CHIMALISTAC,7977.125397
ALVARO OBREGON,FLOR DE MARIA,3970.998722
ALVARO OBREGON,FLORIDA,6542.928866
ALVARO OBREGON,FRANCISCO VILLA,2010.8
ALVARO OBREGON,GALEANA,1548.487969
ALVARO OBREGON,GARCIMARRERO,1470.86
ALVARO OBREGON,GOLONDRINAS,973.78
ALVARO OBREGON,GOLONDRINAS 1RA SECCION,1373.599049
ALVARO OBREGON,GOLONDRINAS 2DA SECCION,973.78
ALVARO OBREGON,GUADALUPE INN,10095.36055
ALVARO OBREGON,HERON PROAL,1358.62
ALVARO OBREGON,HIDALGO,2659.25
ALVARO OBREGON,HOGAR Y REDENCION,1642.900201
ALVARO OBREGON,HUEYTLALE,1732.882517
ALVARO OBREGON,ISIDRO FABELA,2010.8
ALVARO OBREGON,JALALPA EL GRANDE,1188.19
ALVARO OBREGON,JALALPA TEPITO,847.2617749
ALVARO OBREGON,JALALPA TEPITO 2DA AMPLIACION,1143.085159
ALVARO OBREGON,JARDINES DEL PEDREGAL,4925.414919
ALVARO OBREGON,JOSE MARIA PINO SUAREZ,1929.693862
ALVARO OBREGON,LA ANGOSTURA,1648.421687
ALVARO OBREGON,LA ARAÃ¯Â¿Â½A,1476.84
ALVARO OBREGON,LA CASCADA,1395.13
ALVARO OBREGON,LA CONCHITA,2047.48
ALVARO OBREGON,LA ESTRELLA,2209.944561
ALVARO OBREGON,LA HERRADURA DEL PUEBLO TETELPAN,2121.6
ALVARO OBREGON,LA HUERTA,1282.28
ALVARO OBREGON,LA JOYA,2010.8
ALVARO OBREGON,LA JOYITA DEL PUEBLO TETELPAN,1775.4
ALVARO OBREGON,LA MARTINICA,1455.685787
ALVARO OBREGON,LA MEXICANA,1150.326901
ALVARO OBREGON,LA MEXICANA 2DA AMPLIACION,1028.367727
ALVARO OBREGON,LA MILAGROSA,1119.84
ALVARO OBREGON,LA PALMITA,941.93
ALVARO OBREGON,LA PEÃ¯Â¿Â½ITA DEL PUEBLO TETELPAN,1859.325217
ALVARO OBREGON,LA PEï¿½ITA DEL PUEBLO TETELPAN,1775.4
ALVARO OBREGON,LA PRESA,1349.71
ALVARO OBREGON,LADERA,1153.95
ALVARO OBREGON,LAS AGUILAS,2550.710905
ALVARO OBREGON,LAS AGUILAS 1RA SECCION,2393.93
ALVARO OBREGON,LAS AGUILAS 2DO PARQUE,894.3924324
ALVARO OBREGON,LAS AGUILAS 3ER PARQUE,1969.212877
ALVARO OBREGON,LAS AMERICAS,3627.64
ALVARO OBREGON,LIBERACION PROLETARIA,1133.39
ALVARO OBREGON,LIBERALES DE 1857,1545.18
ALVARO OBREGON,LLANO REDONDO,1849.379556
ALVARO OBREGON,LOMAS AXOMIATLA,2219.665889
ALVARO OBREGON,LOMAS DE BECERRA,2605.637011
ALVARO OBREGON,LOMAS DE CAPULA,1377.81
ALVARO OBREGON,LOMAS DE CHAMONTOYA,859.1687839
ALVARO OBREGON,LOMAS DE GUADALUPE,2167.62
ALVARO OBREGON,LOMAS DE LA ERA,1059.241402
ALVARO OBREGON,LOMAS DE LAS AGUILAS,1936.78
ALVARO OBREGON,LOMAS DE LOS ANGELES PUEBLO TETELPAN,2113.32632
ALVARO OBREGON,LOMAS DE LOS CEDROS,1046.32
ALVARO OBREGON,LOMAS DE NUEVO MEXICO,1133.39
ALVARO OBREGON,LOMAS DE PLATEROS,4232.808851
ALVARO OBREGON,LOMAS DE PUERTA GRANDE,1365.53
ALVARO OBREGON,LOMAS DE SAN ANGEL INN,4130.518406
ALVARO OBREGON,LOMAS DE SAN BERNABE,1043.67
ALVARO OBREGON,LOMAS DE SANTA FE,5086.32
ALVARO OBREGON,LOMAS DE TARANGO,1968.746688
ALVARO OBREGON,LOS ALPES,4942.232829
ALVARO OBREGON,LOS CEDROS,1476.596911
ALVARO OBREGON,LOS GAMITOS,1282.28
ALVARO OBREGON,LOS JURISTAS,1365.53
ALVARO OBREGON,MARGARITA MAZA DE JUAREZ,1206.980222
ALVARO OBREGON,MARIA G DE GARCIA RUIZ,2010.8
ALVARO OBREGON,MARTIRES DE TACUBAYA,2010.8
ALVARO OBREGON,MERCED GOMEZ,2986.155476
ALVARO OBREGON,MIGUEL GAONA ARMENTA,1418.72
ALVARO OBREGON,MIGUEL HIDALGO,2283.37
ALVARO OBREGON,MINAS CRISTO REY,1463.306632
ALVARO OBREGON,MOLINO DE ROSAS,2768.64
ALVARO OBREGON,MOLINO DE SANTO DOMINGO,2000.11756
ALVARO OBREGON,OCOTILLOS DEL PUEBLO TETELPAN,1846.898036
ALVARO OBREGON,OLIVAR DE LOS PADRES,3015.962684
ALVARO OBREGON,OLIVAR DEL CONDE 1RA SECCION,2081.025583
ALVARO OBREGON,OLIVAR DEL CONDE 2DA SECCION,1435.28
ALVARO OBREGON,PALMAS,1483.05
ALVARO OBREGON,PALMAS AXOTITLA,1142.470463
ALVARO OBREGON,PARAISO,2010.8
ALVARO OBREGON,PASEO DE LAS LOMAS,11054.1467
ALVARO OBREGON,PILOTO ADOLFO LOPEZ MATEOS,1362.907793
ALVARO OBREGON,PIRU SANTA LUCIA,1430.918409
ALVARO OBREGON,POLVORA,2047.48
ALVARO OBREGON,PONCIANO ARRIAGA,1358.62
ALVARO OBREGON,PRECONCRETO,2166.22856
ALVARO OBREGON,PRESIDENTES,1545.37
ALVARO OBREGON,PROFESOR J ARTURO LOPEZ MARTINEZ,855.6
ALVARO OBREGON,PROGRESO TIZAPAN,3441.469688
ALVARO OBREGON,PUEBLO AXOTLA,4776.542339
ALVARO OBREGON,PUEBLO NUEVO,1897.03
ALVARO OBREGON,PUEBLO SANTA FE,2871.572542
ALVARO OBREGON,PUEBLO SANTA LUCIA,1252.527337
ALVARO OBREGON,PUEBLO SANTA LUCIA CHANTEPEC,1735.22
ALVARO OBREGON,PUEBLO SANTA ROSA XOCHIAC,853.3354279
ALVARO OBREGON,PUEBLO TETELPAN,2003.511659
ALVARO OBREGON,PUEBLO TIZAPAN,4713.112642
ALVARO OBREGON,PUEBLO TLACOPAC,6541.24
ALVARO OBREGON,PUENTE COLORADO,1923.623496
ALVARO OBREGON,PUERTA GRANDE,1260.575667
ALVARO OBREGON,PUNTA DE CEGUAYA,1103.351763
ALVARO OBREGON,RANCHO DEL CARMEN DEL PUEBLO SAN BARTOLO AMEYALCO,3833.92
ALVARO OBREGON,RANCHO SAN FRANCISCO DEL PBLO SAN BARTOLO AMEYALCO,8586.933038
ALVARO OBREGON,REACOMODO EL CUERNITO,1424.29
ALVARO OBREGON,REACOMODO PINO SUAREZ,2032.075045
ALVARO OBREGON,REACOMODO VALENTIN GOMEZ FARIAS,1375.01
ALVARO OBREGON,REAL DEL MONTE,1499.73
ALVARO OBREGON,RINCON DE LA BOLSA,1233.2
ALVARO OBREGON,RINCONADA DE TARANGO,2290.92
ALVARO OBREGON,RINCONADA LAS CUEVITAS,1342.03
ALVARO OBREGON,SACRAMENTO,2582.93
ALVARO OBREGON,SAN AGUSTIN DEL PUEBLO TETELPAN,2943.727703
ALVARO OBREGON,SAN ANGEL,8962.616915
ALVARO OBREGON,SAN ANGEL INN,7875.279857
ALVARO OBREGON,SAN BARTOLO AMEYALCO,1424.535062
ALVARO OBREGON,SAN CLEMENTE NORTE,2354.68
ALVARO OBREGON,SAN CLEMENTE SUR,2201.047744
ALVARO OBREGON,SAN GABRIEL,2931.46
ALVARO OBREGON,SAN JERONIMO ACULCO,4409.037013
ALVARO OBREGON,SAN JOSE DEL OLIVAR,2361.95
ALVARO OBREGON,SAN MATEO,6513.899571
ALVARO OBREGON,SAN PEDRO DE LOS PINOS,4299.89
ALVARO OBREGON,SANTA FE,12627.56184
ALVARO OBREGON,SANTA FE CENTRO CIUDAD,15097.1585
ALVARO OBREGON,SANTA FE LA LOMA,9130.292715
ALVARO OBREGON,SANTA FE PEÃ¯Â¿Â½A BLANCA,15154.2526
ALVARO OBREGON,SANTA FE PEï¿½A BLANCA,15079.59797
ALVARO OBREGON,SANTA FE TLAYAPACA,9402.07
ALVARO OBREGON,SANTA LUCIA CHANTEPEC,1119.84
ALVARO OBREGON,TARANGO,2099.79673
ALVARO OBREGON,TECALCAPA DEL PUEBLO TETELPAN,2982.2
ALVARO OBREGON,TECOLALCO,1282.28
ALVARO OBREGON,TEPEACA,1251.995211
ALVARO OBREGON,TEPOPOTLA,974.565305
ALVARO OBREGON,TIZAMPAMPANO DEL PUEBLO TETELPAN,2793.65
ALVARO OBREGON,TLACOYAQUE,1014.499625
ALVARO OBREGON,TLACUITLAPA,1329.039687
ALVARO OBREGON,TLAPECHICO,1320.71
ALVARO OBREGON,TOLTECA,1788.36
ALVARO OBREGON,TORRES DE POTRERO,1351.62392
ALVARO OBREGON,VERDUN,2348.75
ALVARO OBREGON,VILLA PROGRESISTA,1342.03
ALVARO OBREGON,VILLA SOLIDARIDAD,959.2011765
ALVARO OBREGON,ZENON DELGADO,2010.8
ALVARO OBREGON,ZONA FEDERAL,876.6614286
ALVARO OBREGON,ZONA RUSTICA,2012.672903
AZCAPOTZALCO,AGUILERA,2609.613033
AZCAPOTZALCO,ALDANA,1945.90449
AZCAPOTZALCO,AMPLIACION COSMOPOLITA,2729.530538
AZCAPOTZALCO,AMPLIACION DEL GAS,1832.42
AZCAPOTZALCO,AMPLIACION PETROLERA,2353.03
AZCAPOTZALCO,AMPLIACION SAN PEDRO XALPA,1820.21
AZCAPOTZALCO,ANGEL ZIMBRON,2753.000506
AZCAPOTZALCO,ARENAL,2318.07
AZCAPOTZALCO,BARRIO COLTONGO,2467.22
AZCAPOTZALCO,BARRIO HUAUTLA DE LAS SALINAS,2369.732353
AZCAPOTZALCO,BARRIO LOS REYES,2355
AZCAPOTZALCO,BARRIO NEXTENGO,2748.99
AZCAPOTZALCO,BARRIO SAN ANDRES,2541.94
AZCAPOTZALCO,BARRIO SAN BERNABE,2966.477604
AZCAPOTZALCO,BARRIO SAN MARCOS,2541.94
AZCAPOTZALCO,BARRIO SAN MATEO,2661.936733
AZCAPOTZALCO,BARRIO SANTA APOLONIA,2456.043993
AZCAPOTZALCO,BARRIO SANTA LUCIA,2159.84
AZCAPOTZALCO,CENTRO DE AZCAPOTZALCO,3111.17
AZCAPOTZALCO,CLAVERIA,2649.885044
AZCAPOTZALCO,COLTONGO,2467.22
AZCAPOTZALCO,COSMOPOLITA,2651.236543
AZCAPOTZALCO,DEL GAS,1832.137889
AZCAPOTZALCO,DEL MAESTRO,2213.86
AZCAPOTZALCO,DEL RECREO,2510.09
AZCAPOTZALCO,EL JAGUEY,2648.035294
AZCAPOTZALCO,EL ROSARIO,3156.478656
AZCAPOTZALCO,ESTACION PANTACO,2325.567863
AZCAPOTZALCO,EUZKADI,2581.3
AZCAPOTZALCO,EX-HACIENDA EL ROSARIO,2550.09505
AZCAPOTZALCO,FERRERIA,2015.55
AZCAPOTZALCO,IGNACIO ALLENDE,1832.42
AZCAPOTZALCO,INDUSTRIAL SAN ANTONIO,2353.03
AZCAPOTZALCO,INDUSTRIAL VALLEJO,2447.903569
AZCAPOTZALCO,JARDIN AZPEITIA,2459.83025
AZCAPOTZALCO,LA PRECIOSA,1989.34
AZCAPOTZALCO,LA RAZA,2159.694876
AZCAPOTZALCO,LAS SALINAS,2697.52
AZCAPOTZALCO,LIBERACION,1843.159266
AZCAPOTZALCO,LIBERTAD,2319.873922
AZCAPOTZALCO,MONTE ALTO,2581.3
AZCAPOTZALCO,NUEVA EL ROSARIO,2541.94
AZCAPOTZALCO,NUEVA ESPAÃ¯Â¿Â½A,2541.94
AZCAPOTZALCO,NUEVA ESPAï¿½A,2541.94
AZCAPOTZALCO,NUEVA SANTA MARIA,2750.954731
AZCAPOTZALCO,NUEVO BARRIO SAN RAFAEL,2354.24
AZCAPOTZALCO,OBRERO POPULAR,2566.274251
AZCAPOTZALCO,PASTEROS,1878.83
AZCAPOTZALCO,PATRIMONIO FAMILIAR,2318.07
AZCAPOTZALCO,PETROLERA,2362.54
AZCAPOTZALCO,PLENITUD,2167.92019
AZCAPOTZALCO,PORVENIR,1893.392442
AZCAPOTZALCO,POTRERO DEL LLANO,2674.384554
AZCAPOTZALCO,PRADOS DEL ROSARIO,2998.438999
AZCAPOTZALCO,PRO HOGAR,3101.82139
AZCAPOTZALCO,PROVIDENCIA,1747.66
AZCAPOTZALCO,PUEBLO SAN ANDRES,2541.94
AZCAPOTZALCO,PUEBLO SAN ANDRES DE LAS SALINAS,2316.270145
AZCAPOTZALCO,PUEBLO SAN BARTOLO CAHUALTONGO,2362.54
AZCAPOTZALCO,PUEBLO SAN FRANCISCO TETECALA,2499.053074
AZCAPOTZALCO,PUEBLO SAN FRANCISCO XOCOTITLA,2117.98
AZCAPOTZALCO,PUEBLO SAN JUAN TLIHUACA,2597.24
AZCAPOTZALCO,PUEBLO SAN MARTIN XOCHINAHUAC,2541.94
AZCAPOTZALCO,PUEBLO SAN MIGUEL AMANTLA,1761.11
AZCAPOTZALCO,PUEBLO SAN PEDRO XALPA,1789.82
AZCAPOTZALCO,PUEBLO SANTA BARBARA,2421.84286
AZCAPOTZALCO,PUEBLO SANTA CATARINA,2541.94
AZCAPOTZALCO,PUEBLO SANTA CRUZ ACAYUCAN,2171.169043
AZCAPOTZALCO,PUEBLO SANTA MARIA MALINALCO,1885.2
AZCAPOTZALCO,PUEBLO SANTIAGO AHUIZOTLA,1702.070475
AZCAPOTZALCO,PUEBLO SANTO DOMINGO,2867.104615
AZCAPOTZALCO,REYNOSA TAMAULIPAS,2541.94
AZCAPOTZALCO,SAN ALVARO,2549.589235
AZCAPOTZALCO,SAN ANTONIO,2362.54
AZCAPOTZALCO,SAN RAFAEL,2354.24
AZCAPOTZALCO,SAN SALVADOR XOCHIMANCA,2758.243521
AZCAPOTZALCO,SAN SEBASTIAN,2541.94
AZCAPOTZALCO,SANTA CRUZ DE LAS SALINAS,2532.296376
AZCAPOTZALCO,SANTA INES,1448.32
AZCAPOTZALCO,SANTO TOMAS,2541.94
AZCAPOTZALCO,SECTOR NAVAL,2519.104758
AZCAPOTZALCO,SINDICATO MEXICANO DE ELECTRICISTAS,2285.660427
AZCAPOTZALCO,TEZOZOMOC,1989.34
AZCAPOTZALCO,TIERRA NUEVA,2519.145865
AZCAPOTZALCO,TLATILCO,1832.42
AZCAPOTZALCO,TRABAJADORES DE HIERRO,2581.3
AZCAPOTZALCO,UN HOGAR PARA CADA TRABAJADOR,2779.6
AZCAPOTZALCO,UNIDAD CUITLAHUAC,4434.633159
AZCAPOTZALCO,VICTORIA DE LAS DEMOCRACIAS,2235.062207
BENITO JUAREZ,8 DE AGOSTO,5842.167993
BENITO JUAREZ,ACACIAS,8526.629363
BENITO JUAREZ,ACTIPAN,7586.273475
BENITO JUAREZ,ALAMOS,5491.473473
BENITO JUAREZ,ALBERT,3691.165157
BENITO JUAREZ,AMERICAS UNIDAS,4224.044391
BENITO JUAREZ,AMPLIACION NAPOLES,9109.820396
BENITO JUAREZ,ATENOR SALAS,3954.645817
BENITO JUAREZ,CIUDAD DE LOS DEPORTES,7445.92591
BENITO JUAREZ,CREDITO CONSTRUCTOR,6365.58252
BENITO JUAREZ,DE CORTES,2805.911392
BENITO JUAREZ,DEL CARMEN,3746.325679
BENITO JUAREZ,DEL LAGO,4242.908291
BENITO JUAREZ,DEL VALLE CENTRO,7505.65809
BENITO JUAREZ,DEL VALLE NORTE,7761.262136
BENITO JUAREZ,DEL VALLE SUR,9266.730916
BENITO JUAREZ,ERMITA,3372.500455
BENITO JUAREZ,EXTREMADURA INSURGENTES,7031.878241
BENITO JUAREZ,GENERAL PEDRO MA ANAYA,5940.534996
BENITO JUAREZ,INDEPENDENCIA,4226.243604
BENITO JUAREZ,INSURGENTES MIXCOAC,7744.31964
BENITO JUAREZ,INSURGENTES SAN BORJA,9050.8029
BENITO JUAREZ,IZTACCIHUATL,3128.520602
BENITO JUAREZ,JOSEFA ORTIZ DE DOMINGUEZ,4389.016012
BENITO JUAREZ,LETRAN VALLE,4693.481931
BENITO JUAREZ,MERCED GOMEZ,6287.838208
BENITO JUAREZ,MIGUEL ALEMAN,4637.286265
BENITO JUAREZ,MIRAVALLE,3020.252475
BENITO JUAREZ,MIXCOAC,5216.415571
BENITO JUAREZ,MODERNA,3690.248316
BENITO JUAREZ,NAPOLES,10230.69746
BENITO JUAREZ,NARVARTE ORIENTE,5020.891422
BENITO JUAREZ,NARVARTE PONIENTE,4717.400287
BENITO JUAREZ,NATIVITAS,2547.404537
BENITO JUAREZ,NIÃ¯Â¿Â½OS HEROES,4239.22013
BENITO JUAREZ,NIï¿½OS HEROES,4193.27
BENITO JUAREZ,NOCHE BUENA,7112.179464
BENITO JUAREZ,PERIODISTA,4499.530526
BENITO JUAREZ,PIEDAD NARVARTE,4654.725765
BENITO JUAREZ,PORTALES NORTE,2944.297084
BENITO JUAREZ,PORTALES ORIENTE,3003.324936
BENITO JUAREZ,PORTALES SUR,3188.087245
BENITO JUAREZ,POSTAL,3169.660189
BENITO JUAREZ,RESIDENCIAL EMPERADORES,4420.091054
BENITO JUAREZ,SAN JOSE INSURGENTES,7618.149581
BENITO JUAREZ,SAN JUAN,6864.476493
BENITO JUAREZ,SAN PEDRO DE LOS PINOS,4626.852059
BENITO JUAREZ,SAN SIMON TICUMAC,3829.708196
BENITO JUAREZ,SANTA CRUZ ATOYAC,5171.398955
BENITO JUAREZ,SANTA MARIA NONOALCO,5511.107388
BENITO JUAREZ,TLACOQUEMECATL,7592.004616
BENITO JUAREZ,VERTIZ NARVARTE,4945.046708
BENITO JUAREZ,XOCO,6316.07605
BENITO JUAREZ,ZACAHUITZCO,3753.445549
COYOACAN,ADOLFO RUIZ CORTINEZ,1326.299578
COYOACAN,AJUSCO,1437.245317
COYOACAN,ALIANZA POPULAR REVOLUCIONARIA,4804.036388
COYOACAN,ATLANTIDA,4255.490635
COYOACAN,AVANTE,2960.651285
COYOACAN,BARRIO DEL NIÃ¯Â¿Â½O JESUS,3570.131795
COYOACAN,BARRIO DEL NIï¿½O JESUS,3975.709818
COYOACAN,BARRIO LA CONCEPCION,5047.396387
COYOACAN,BARRIO OXTOPULCO UNIVERSIDAD,7940.416761
COYOACAN,BARRIO SAN LUCAS,3533.353516
COYOACAN,BARRIO SANTA CATARINA,5554.876779
COYOACAN,BOSQUES DE TETLAMEYA,5984.240402
COYOACAN,CAFETALES,3829.533003
COYOACAN,CAMPESTRE CHURUBUSCO,3974.537048
COYOACAN,CAMPESTRE COYOACAN,3123.51
COYOACAN,CANTIL DEL PEDREGAL,2953.56
COYOACAN,CARMEN SERDAN,3273.75
COYOACAN,CHURUBUSCO COUNTRY CLUB,5533.245546
COYOACAN,CIUDAD JARDIN,2916.937195
COYOACAN,CIUDAD UNIVERSITARIA,4710.206433
COYOACAN,COPILCO EL ALTO,3625.845594
COYOACAN,COPILCO EL BAJO,6632.313651
COYOACAN,COPILCO UNIVERSIDAD,5824.873252
COYOACAN,CUADRANTE DE SAN FRANCISCO,3361.371863
COYOACAN,CULHUACAN C.T.M. SECCIÃ¯Â¿Â½N X,4093.485838
COYOACAN,CULHUACAN CTM CANAL NACIONAL,2848.521
COYOACAN,CULHUACAN CTM CROC,3273.75
COYOACAN,CULHUACAN CTM SECCION  I,3273.75
COYOACAN,CULHUACAN CTM SECCION  II,3273.75
COYOACAN,CULHUACAN CTM SECCION III,3273.75
COYOACAN,CULHUACAN CTM SECCION IX-A,3521.931723
COYOACAN,CULHUACAN CTM SECCION IX-B,3764.91
COYOACAN,CULHUACAN CTM SECCION PILOTO,3273.75
COYOACAN,CULHUACAN CTM SECCION V,3272.541706
COYOACAN,CULHUACAN CTM SECCION VI,3273.75
COYOACAN,CULHUACAN CTM SECCION VII,3273.75
COYOACAN,CULHUACAN CTM SECCION VIII,3273.75
COYOACAN,CULHUACAN CTM SECCION X-A,3273.75
COYOACAN,DEL CARMEN,5499.795281
COYOACAN,EDUCACION,2907.703573
COYOACAN,EL CARACOL,2953.56
COYOACAN,EL CENTINELA,3077.745077
COYOACAN,EL MIRADOR,4343.05045
COYOACAN,EL PARQUE DE COYOACAN,4516.529186
COYOACAN,EL RELOJ,2724.53092
COYOACAN,EL ROSARIO,2528.18
COYOACAN,EL ROSEDAL,3185.068498
COYOACAN,EMILIANO ZAPATA,3929.106555
COYOACAN,EMILIANO ZAPATA FRACCIONAMIENTO POPULAR,1853.75
COYOACAN,ESPARTACO,3115.225363
COYOACAN,EX EJIDO DE  SANTA URSULA COAPA,4957.264118
COYOACAN,EX EJIDO SAN PABLO TEPETLAPA,4778.68
COYOACAN,EX HACIENDA COAPA,5102.405362
COYOACAN,EX-EJIDO DE SAN FRANCISCO CULHUACAN,2811.777177
COYOACAN,HACIENDAS DE COYOACAN,3375.425868
COYOACAN,HERMOSILLO,2983.583233
COYOACAN,HUAYAMILPAS,1544.852637
COYOACAN,INSURGENTES CUICUILCO,5756.205791
COYOACAN,JARDINES DE COYOACAN,4532.286682
COYOACAN,JARDINES DEL PEDREGAL DE SAN ANGEL,4676.759064
COYOACAN,JOYAS DEL PEDREGAL,4054.03
COYOACAN,LA OTRA BANDA,7609.058846
COYOACAN,LAS CAMPANAS,3123.51
COYOACAN,LOS CEDROS,3123.51
COYOACAN,LOS CIPRESES,3942.068594
COYOACAN,LOS GIRASOLES,4592.791178
COYOACAN,LOS OLIVOS,3324.039069
COYOACAN,LOS SAUCES,3371.666578
COYOACAN,NUEVA DIAZ ORDAZ,1492.17
COYOACAN,OLIMPICA,3796.492806
COYOACAN,PARQUE SAN ANDRES,5655.638903
COYOACAN,PASEOS DE TAXQUEÃ¯Â¿Â½A,5571.067601
COYOACAN,PASEOS DE TAXQUEï¿½A,6183.537761
COYOACAN,PEDREGAL DE CARRASCO,4986.188002
COYOACAN,PEDREGAL DE SANTA URSULA,1512.718342
COYOACAN,PEDREGAL DE SANTO DOMINGO,1372.467363
COYOACAN,PEDREGAL DE SN FRANCISCO,4979.079858
COYOACAN,PETROLERA TAXQUEÃ¯Â¿Â½A,2802.730835
COYOACAN,PETROLERA TAXQUEï¿½A,5816.677826
COYOACAN,PRADO CHURUBUSCO,3099.540633
COYOACAN,PRADOS DE COYOACAN,2754.183415
COYOACAN,PRESIDENTES EJIDALES 1A SECCION,2593.33
COYOACAN,PRESIDENTES EJIDALES 2A SECCION,3191.258072
COYOACAN,PUEBLO DE LOS REYES,2865.823898
COYOACAN,PUEBLO DE SANTA URSULA COAPA,3742.167746
COYOACAN,PUEBLO LA CANDELARIA,1723.47283
COYOACAN,PUEBLO SAN PABLO TEPETLAPA,3738.706209
COYOACAN,ROMERO DE TERREROS,6055.683963
COYOACAN,SAN DIEGO CHURUBUSCO,5665.688254
COYOACAN,SAN FRANCISCO CULHUACAN BARRIO DE LA MAGDALENA,5108.045139
COYOACAN,SAN FRANCISCO CULHUACAN BARRIO DE SAN FRANCISCO,2177.081804
COYOACAN,SAN FRANCISCO CULHUACAN BARRIO DE SAN JUAN,2970.420772
COYOACAN,SAN FRANCISCO CULHUACAN BARRIO DE SANTA ANA,4836.089914
COYOACAN,SAN MATEO,5575.810484
COYOACAN,SANTA CECILIA,3156.038299
COYOACAN,VIEJO EJIDO SANTA URSULA COAPA,2433.093603
COYOACAN,VILLA COYOACAN,5069.995207
COYOACAN,VILLA QUIETUD,3269.941212
COYOACAN,XOTEPINGO,3761.169148
CUAJIMALPA DE MORELOS,1RO DE MAYO,1502.85
CUAJIMALPA DE MORELOS,ABDIAS GARCIA SOTO,1620.71
CUAJIMALPA DE MORELOS,ADOLFO LOPEZ MATEOS,2183.41
CUAJIMALPA DE MORELOS,AGUA BENDITA,196.31
CUAJIMALPA DE MORELOS,AHUATENCO,1421.47
CUAJIMALPA DE MORELOS,AMADO NERVO,2183.41
CUAJIMALPA DE MORELOS,AMPLIACION EL YAQUI,3151.96
CUAJIMALPA DE MORELOS,AMPLIACION MEMETLA,1327.67
CUAJIMALPA DE MORELOS,BOSQUES DE LAS LOMAS,4913.359947
CUAJIMALPA DE MORELOS,CAMPESTRE PALO ALTO,3178.237926
CUAJIMALPA DE MORELOS,CONTADERO,1957.332248
CUAJIMALPA DE MORELOS,COOPERATIVA PALO ALTO,3304.064532
CUAJIMALPA DE MORELOS,CRUZ BLANCA,852.9069149
CUAJIMALPA DE MORELOS,CUAJIMALPA,2459.116663
CUAJIMALPA DE MORELOS,EL EBANO,2014.27
CUAJIMALPA DE MORELOS,EL MOLINITO,1620.71
CUAJIMALPA DE MORELOS,EL MOLINO,2917.696243
CUAJIMALPA DE MORELOS,EL TIANGUILLO,872.1717293
CUAJIMALPA DE MORELOS,EL YAQUI,8391.961913
CUAJIMALPA DE MORELOS,GRANJAS NAVIDAD,2338.11
CUAJIMALPA DE MORELOS,GRANJAS PALO ALTO,3149.558875
CUAJIMALPA DE MORELOS,JESUS DEL MONTE,2142.186916
CUAJIMALPA DE MORELOS,LA MANZANITA,2153.194162
CUAJIMALPA DE MORELOS,LA PILA,790.69
CUAJIMALPA DE MORELOS,LA VENTA,584.3360465
CUAJIMALPA DE MORELOS,LAS LAJAS,1098.5
CUAJIMALPA DE MORELOS,LAS MAROMAS,1098.5
CUAJIMALPA DE MORELOS,LAS TINAJAS,2153.09
CUAJIMALPA DE MORELOS,LOCAXCO,1620.71
CUAJIMALPA DE MORELOS,LOMA DEL PADRE,1185.958258
CUAJIMALPA DE MORELOS,LOMAS DE MEMETLA,2063.241853
CUAJIMALPA DE MORELOS,LOMAS DE SN PEDRO,1401.937291
CUAJIMALPA DE MORELOS,LOMAS DE VISTA HERMOSA,3183.668557
CUAJIMALPA DE MORELOS,MANZANASTITLA,1992.925
CUAJIMALPA DE MORELOS,MEMETLA,1620.71
CUAJIMALPA DE MORELOS,PUEBLO SAN LORENZO ACOPILCO,1195.349957
CUAJIMALPA DE MORELOS,PUEBLO SAN PABLO CHIMALPA,1080.235052
CUAJIMALPA DE MORELOS,SAN JACINTO,196.31
CUAJIMALPA DE MORELOS,SAN JOSE DE LOS CEDROS,2183.825816
CUAJIMALPA DE MORELOS,SAN MATEO TLALTENANGO,805.5526923
CUAJIMALPA DE MORELOS,SAN PEDRO,1776.1
CUAJIMALPA DE MORELOS,SANTA FE CUAJIMALPA,12422.48393
CUAJIMALPA DE MORELOS,TEPETONGO,2450.144783
CUAJIMALPA DE MORELOS,XALPA,792.5442771
CUAJIMALPA DE MORELOS,ZENTLAPATL,1411.251574
CUAJIMALPA DE MORELOS,ZONA RUSTICA,387.461785
CUAUHTEMOC,ALGARIN,4922.09336
CUAUHTEMOC,ASTURIAS,3960.978831
CUAUHTEMOC,ATLAMPA,4023.905662
CUAUHTEMOC,BUENAVISTA,5601.136812
CUAUHTEMOC,BUENOS AIRES,5081.896763
CUAUHTEMOC,CENTRO,6643.678047
CUAUHTEMOC,CONDESA,4945.227868
CUAUHTEMOC,CUAUHTEMOC,10934.93465
CUAUHTEMOC,DOCTORES,4889.192669
CUAUHTEMOC,ESPERANZA,4116.942954
CUAUHTEMOC,EX HIPODROMO DE PERALVILLO,3516.825246
CUAUHTEMOC,FELIPE PESCADOR,3340.278534
CUAUHTEMOC,GUERRERO,4776.681832
CUAUHTEMOC,HIPODROMO,6048.374884
CUAUHTEMOC,HIPODROMO CONDESA,4864.059135
CUAUHTEMOC,JUAREZ,11215.08097
CUAUHTEMOC,MAZA,3567.926548
CUAUHTEMOC,MORELOS,3968.140798
CUAUHTEMOC,NONOALCO TLATELOLCO,5168.846
CUAUHTEMOC,OBRERA,4129.412617
CUAUHTEMOC,PAULINO NAVARRO,3888.814871
CUAUHTEMOC,PERALVILLO,3972.853537
CUAUHTEMOC,ROMA NORTE,7247.826665
CUAUHTEMOC,ROMA SUR,4965.016405
CUAUHTEMOC,SAN RAFAEL,5620.964702
CUAUHTEMOC,SAN SIMON TOLNAHUAC,3519.45
CUAUHTEMOC,SANTA MARIA INSURGENTES,3915.68
CUAUHTEMOC,SANTA MARIA LA RIBERA,4519.291227
CUAUHTEMOC,TABACALERA,8050.697515
CUAUHTEMOC,TRANSITO,4907.996853
CUAUHTEMOC,VALLE GOMEZ,3580.246776
CUAUHTEMOC,VISTA ALEGRE,4092.487074
GUSTAVO A. MADERO,15 DE AGOSTO,2425.71
GUSTAVO A. MADERO,25 DE JULIO,1832.907205
GUSTAVO A. MADERO,6 DE JUNIO,780.0870229
GUSTAVO A. MADERO,7 DE NOVIEMBRE,2126.180394
GUSTAVO A. MADERO,ACUEDUCTO DE GUADALUPE,3615.757211
GUSTAVO A. MADERO,AHUEHUETES,699.2497627
GUSTAVO A. MADERO,AMPLIACION ARBOLEDAS,544.4923664
GUSTAVO A. MADERO,AMPLIACION BENITO JUAREZ,862.0654774
GUSTAVO A. MADERO,AMPLIACION CASAS ALEMAN,1993.89
GUSTAVO A. MADERO,AMPLIACION CASTILLO GRANDE,850.0642991
GUSTAVO A. MADERO,AMPLIACION CHALMA DE GUADALUPE,985.96
GUSTAVO A. MADERO,AMPLIACION COCOYOTES,672.9
GUSTAVO A. MADERO,AMPLIACION EMILIANO ZAPATA,1981.83
GUSTAVO A. MADERO,AMPLIACION GABRIEL HERNANDEZ,1436.524936
GUSTAVO A. MADERO,AMPLIACION GUADALUPE PROLETARIA,1916.838744
GUSTAVO A. MADERO,AMPLIACION MALACATES,576.0015805
GUSTAVO A. MADERO,AMPLIACION MARTIRES DE RIO BLANCO,1981.83
GUSTAVO A. MADERO,AMPLIACION PANAMERICANA,2882.763261
GUSTAVO A. MADERO,AMPLIACION PROGRESO NACIONAL,2190.881995
GUSTAVO A. MADERO,AMPLIACION PROVIDENCIA,2048.54
GUSTAVO A. MADERO,AMPLIACION SAN JUAN DE ARAGON,2243.22
GUSTAVO A. MADERO,ARAGON INGUARAN,1981.83
GUSTAVO A. MADERO,ARAGON LA VILLA,2148.11377
GUSTAVO A. MADERO,ARBOLEDAS,511.5868807
GUSTAVO A. MADERO,BARRIO CANDELARIA TICOMAN,1207.742779
GUSTAVO A. MADERO,BARRIO GUADALUPE TICOMAN,1157.061891
GUSTAVO A. MADERO,BARRIO LA LAGUNA TICOMAN,3051.88
GUSTAVO A. MADERO,BARRIO LA PURISIMA TICOMAN,2532.658799
GUSTAVO A. MADERO,BARRIO SAN JUAN Y GUADALUPE TICOMAN,1088.275385
GUSTAVO A. MADERO,BARRIO SAN RAFAEL TICOMAN,1653.437974
GUSTAVO A. MADERO,BELISARIO DOMINGUEZ,1981.83
GUSTAVO A. MADERO,BENITO JUAREZ,944.33
GUSTAVO A. MADERO,BONDOJITO,1981.83
GUSTAVO A. MADERO,C T M ARAGON,2233.44
GUSTAVO A. MADERO,C T M ATZACOALCO,1715.62
GUSTAVO A. MADERO,C T M EL RISCO,1715.62
GUSTAVO A. MADERO,CAMPESTRE ARAGON,2041.86
GUSTAVO A. MADERO,CAPULTITLAN,2611.56
GUSTAVO A. MADERO,CASTILLO CHICO,993.7471804
GUSTAVO A. MADERO,CASTILLO GRANDE,961.82806
GUSTAVO A. MADERO,CERRO DEL GUERRERO,150.037037
GUSTAVO A. MADERO,CERRO LOS GACHUPINES,2259.57
GUSTAVO A. MADERO,CHALMA DE GUADALUPE,985.3834737
GUSTAVO A. MADERO,CHURUBUSCO TEPEYAC,2958.66814
GUSTAVO A. MADERO,COCOYOTES,602.6196477
GUSTAVO A. MADERO,COMPOSITORES MEXICANOS,635.32
GUSTAVO A. MADERO,CONSTITUCION DE LA REPUBLICA,2347.661232
GUSTAVO A. MADERO,CUAUTEPEC BARRIO ALTO,938.0199697
GUSTAVO A. MADERO,CUAUTEPEC DE MADERO,938.48
GUSTAVO A. MADERO,CUCHILLA DEL TESORO,2233.44
GUSTAVO A. MADERO,CUCHILLA LA JOYA,1981.83
GUSTAVO A. MADERO,D M NACIONAL,2337.305475
GUSTAVO A. MADERO,DEFENSORES DE LA REPUBLICA,2772.630292
GUSTAVO A. MADERO,DEL BOSQUE,938.48
GUSTAVO A. MADERO,DEL CARMEN,1041.79
GUSTAVO A. MADERO,DEL OBRERO,1948.5
GUSTAVO A. MADERO,DINAMITA,2076.600452
GUSTAVO A. MADERO,EL ARBOLILLO,944.33
GUSTAVO A. MADERO,EL COYOL,2514.328136
GUSTAVO A. MADERO,EL OLIVO,2087.830809
GUSTAVO A. MADERO,EL TEPETATAL,635.32
GUSTAVO A. MADERO,EMILIANO ZAPATA,1981.83
GUSTAVO A. MADERO,ESTANZUELA,2124.877207
GUSTAVO A. MADERO,ESTRELLA,2738.011833
GUSTAVO A. MADERO,EX EJIDO SAN JUAN DE ARAGON SECTOR 32,2177.42
GUSTAVO A. MADERO,EX EJIDO SAN JUAN DE ARAGON SECTOR 33,2252.96
GUSTAVO A. MADERO,EX ESCUELA DE TIRO,1981.83
GUSTAVO A. MADERO,FAJA DE ORO,1981.83
GUSTAVO A. MADERO,FERNANDO CASAS ALEMAN,1981.83
GUSTAVO A. MADERO,FERROCARRILERA,2530.28
GUSTAVO A. MADERO,FORESTAL,635.32
GUSTAVO A. MADERO,FORESTAL I,635.32
GUSTAVO A. MADERO,FORESTAL II,635.32
GUSTAVO A. MADERO,GABRIEL HERNANDEZ,1431.699359
GUSTAVO A. MADERO,GENERAL FELIPE BERRIOZABAL,585.93
GUSTAVO A. MADERO,GERTRUDIS SANCHEZ 1A SECCION,1981.83
GUSTAVO A. MADERO,GERTRUDIS SANCHEZ 2A SECCION,1981.83
GUSTAVO A. MADERO,GERTRUDIS SANCHEZ 3A SECCION,1981.83
GUSTAVO A. MADERO,GRANJAS MODERNAS,2243.22
GUSTAVO A. MADERO,GUADALUPE INSURGENTES,3159.091013
GUSTAVO A. MADERO,GUADALUPE PROLETARIA,2034.058701
GUSTAVO A. MADERO,GUADALUPE TEPEYAC,2949.728965
GUSTAVO A. MADERO,GUADALUPE VICTORIA,2789.049275
GUSTAVO A. MADERO,GUADALUPE VICTORIA CUAUTEPEC,938.48
GUSTAVO A. MADERO,HERMOSA,1604.13
GUSTAVO A. MADERO,HEROE DE NACOZARI,2652.603731
GUSTAVO A. MADERO,HEROES DE CERRO PRIETO,1981.83
GUSTAVO A. MADERO,HEROES DE CHAPULTEPEC,2252.96
GUSTAVO A. MADERO,INDECO,2252.96
GUSTAVO A. MADERO,INDUSTRIAL,3326.331572
GUSTAVO A. MADERO,JORGE NEGRETE,1893.05419
GUSTAVO A. MADERO,JUAN GONZALEZ ROMERO,1604.440766
GUSTAVO A. MADERO,JUVENTINO ROSAS,635.32
GUSTAVO A. MADERO,LA CASILDA,587.5431742
GUSTAVO A. MADERO,LA CRUZ,1345.760449
GUSTAVO A. MADERO,LA ESMERALDA,2530.28
GUSTAVO A. MADERO,LA JOYA,1981.83
GUSTAVO A. MADERO,LA JOYITA,1981.83
GUSTAVO A. MADERO,LA LENGUETA,630.2827376
GUSTAVO A. MADERO,LA MALINCHE,2463.12
GUSTAVO A. MADERO,LA PASTORA,945.6574092
GUSTAVO A. MADERO,LA PRADERA,2048.54
GUSTAVO A. MADERO,LI LEGISLATURA,2136.86
GUSTAVO A. MADERO,LINDAVISTA NORTE,3663.342454
GUSTAVO A. MADERO,LINDAVISTA SUR,4180.09338
GUSTAVO A. MADERO,LINDAVISTA VALLEJO 1A SECCION,4214.41
GUSTAVO A. MADERO,LINDAVISTA VALLEJO 2A SECCION,4447.438625
GUSTAVO A. MADERO,LINDAVISTA VALLEJO 3A SECCION,4253.984274
GUSTAVO A. MADERO,LOMA LA PALMA,635.32
GUSTAVO A. MADERO,LOMAS DE CUAUTEPEC,636.346384
GUSTAVO A. MADERO,LUIS DONALDO COLOSIO,845.1194146
GUSTAVO A. MADERO,MAGDALENA DE LAS SALINAS,3268.451344
GUSTAVO A. MADERO,MALACATES,779.1568839
GUSTAVO A. MADERO,MARTIN CARRERA,2425.71
GUSTAVO A. MADERO,MARTIRES DE RIO BLANCO,1981.83
GUSTAVO A. MADERO,MAXIMINO AVILA CAMACHO,2781.412183
GUSTAVO A. MADERO,MONTEVIDEO,3663.723194
GUSTAVO A. MADERO,NARCISO BASSOLS,2233.44
GUSTAVO A. MADERO,NUEVA ATZACOALCO,1803.02
GUSTAVO A. MADERO,NUEVA INDUSTRIAL VALLEJO,4341.346004
GUSTAVO A. MADERO,NUEVA TENOCHTITLAN,2063.878203
GUSTAVO A. MADERO,NUEVA VALLEJO,2869.958848
GUSTAVO A. MADERO,PALMATITLA,694.0124084
GUSTAVO A. MADERO,PANAMERICANA,2611.56
GUSTAVO A. MADERO,PARQUE METROPOLITANO,635.32
GUSTAVO A. MADERO,PLANETARIO LINDAVISTA,3272.07263
GUSTAVO A. MADERO,PRADERA 2A SECCION,2007.107503
GUSTAVO A. MADERO,PRADOS DE CUAUTEPEC,635.32
GUSTAVO A. MADERO,PROGRESO NACIONAL,2202.684381
GUSTAVO A. MADERO,PROVIDENCIA,2048.54
GUSTAVO A. MADERO,PUEBLO DE SANTIAGO ATZACOALCO,1948.5
GUSTAVO A. MADERO,PUEBLO SAN JUAN DE ARAGON,2252.96
GUSTAVO A. MADERO,RESIDENCIAL ACUEDUCTO DE GUADALUPE,3093.31
GUSTAVO A. MADERO,RESIDENCIAL LA ESCALERA,2747.95
GUSTAVO A. MADERO,RESIDENCIAL ZACATENCO,2441.557069
GUSTAVO A. MADERO,ROSAS DEL TEPEYAC,2277.395474
GUSTAVO A. MADERO,SALVADOR DIAZ MIRON,2425.71
GUSTAVO A. MADERO,SAN ANTONIO,635.32
GUSTAVO A. MADERO,SAN BARTOLO ATEPEHUACAN,3073.05162
GUSTAVO A. MADERO,SAN FELIPE DE JESUS,1980.55
GUSTAVO A. MADERO,SAN JOSE DE LA ESCALERA,1918.44
GUSTAVO A. MADERO,SAN JOSE TICOMAN,3067.318483
GUSTAVO A. MADERO,SAN JUAN DE ARAGON,2674.9925
GUSTAVO A. MADERO,SAN JUAN DE ARAGON I SECCION,2652.55
GUSTAVO A. MADERO,SAN JUAN DE ARAGON II SECCION,2652.55
GUSTAVO A. MADERO,SAN JUAN DE ARAGON III SECCION,2677.35
GUSTAVO A. MADERO,SAN JUAN DE ARAGON IV SECCION,2581.65
GUSTAVO A. MADERO,SAN JUAN DE ARAGON V SECCION,2612.547003
GUSTAVO A. MADERO,SAN JUAN DE ARAGON VI SECCION,2598.54
GUSTAVO A. MADERO,SAN JUAN DE ARAGON VII SECCION,2598.54
GUSTAVO A. MADERO,SAN MIGUEL,938.48
GUSTAVO A. MADERO,SAN PEDRO EL CHICO,1981.83
GUSTAVO A. MADERO,SAN PEDRO ZACATENCO,2125.204839
GUSTAVO A. MADERO,SANTA ISABEL TOLA,2259.57
GUSTAVO A. MADERO,SANTA MARIA TICOMAN,2095.859841
GUSTAVO A. MADERO,SANTA ROSA,1918.44
GUSTAVO A. MADERO,SANTIAGO ATEPETLAC,1953.829644
GUSTAVO A. MADERO,SIETE MARAVILLAS,2716.99
GUSTAVO A. MADERO,SOLIDARIDAD NACIONAL,921.8779195
GUSTAVO A. MADERO,TABLAS DE SAN AGUSTIN,1981.83
GUSTAVO A. MADERO,TEPETATES,2259.57
GUSTAVO A. MADERO,TEPEYAC INSURGENTES,3238.494392
GUSTAVO A. MADERO,TLACAELEL,635.32
GUSTAVO A. MADERO,TLACAMACA,2889.491848
GUSTAVO A. MADERO,TLALPEXCO,672.9
GUSTAVO A. MADERO,TORRES LINDAVISTA,4399.587944
GUSTAVO A. MADERO,TRES ESTRELLAS,1981.83
GUSTAVO A. MADERO,TRIUNFO DE LA REPUBLICA,1975.423333
GUSTAVO A. MADERO,VALLE DE MADERO,925.4608589
GUSTAVO A. MADERO,VALLE DEL TEPEYAC,3001.218679
GUSTAVO A. MADERO,VALLEJO,3994.322107
GUSTAVO A. MADERO,VALLEJO PONIENTE,2611.56
GUSTAVO A. MADERO,VASCO DE QUIROGA,2322.051838
GUSTAVO A. MADERO,VILLA DE ARAGON,2397.405806
GUSTAVO A. MADERO,VILLA GUSTAVO A MADERO,2263.506631
GUSTAVO A. MADERO,VISTA HERMOSA,672.9
GUSTAVO A. MADERO,ZONA ESCOLAR,938.48
GUSTAVO A. MADERO,ZONA ESCOLAR ORIENTE,1164.845942
GUSTAVO A. MADERO,ZONA RUSTICA,657.3701852
IZTACALCO,AGRICOLA ORIENTAL,2789.917328
IZTACALCO,AGRICOLA PANTITLAN,2369.237711
IZTACALCO,AMPLIACION GABRIEL RAMOS MILLAN,2370.621988
IZTACALCO,BARRIO LA ASUNCION,2552.061714
IZTACALCO,BARRIO LOS REYES,2095.233221
IZTACALCO,BARRIO SAN FRANCISCO XICALTONGO,2905.445094
IZTACALCO,BARRIO SAN MIGUEL,2154.964954
IZTACALCO,BARRIO SAN PEDRO,2179.911195
IZTACALCO,BARRIO SANTA CRUZ,2850.05
IZTACALCO,BARRIO SANTIAGO NORTE,2886.066545
IZTACALCO,BARRIO SANTIAGO SUR,2850.05
IZTACALCO,BARRIO ZAPOTLA,3162.921842
IZTACALCO,CAMPAMENTO 2 DE OCTUBRE,2341.770223
IZTACALCO,CARLOS ZAPATA VELA,1831.33
IZTACALCO,CUCHILLA AGRICOLA ORIENTAL,1881.9
IZTACALCO,EL RODEO,2327.740814
IZTACALCO,EX-EJIDO LA MAGDALENA MIXHUCA,2361.351067
IZTACALCO,FRACCIONAMIENTO COYUYA,2199.05106
IZTACALCO,GABRIEL RAMOS MILLAN,2325.043196
IZTACALCO,GABRIEL RAMOS MILLAN SECC TLACOTAL,2414.631858
IZTACALCO,GABRIEL RAMOS MILLAN SECCION BRAMADERO,2362.060537
IZTACALCO,GABRIEL RAMOS MILLAN SECCION CUCHILLA,2210.897146
IZTACALCO,GRANJAS MEXICO,3178.936388
IZTACALCO,INFONAVIT IZTACALCO,2516.87
IZTACALCO,INPI PICOS,2516.87
IZTACALCO,JARDINES TECMA,2337.97
IZTACALCO,JUVENTINO ROSAS,2367.889508
IZTACALCO,LA CRUZ,2171.180622
IZTACALCO,LOS PICOS DE IZTACALCO SECCION 1 A,2020.858913
IZTACALCO,LOS PICOS DE IZTACALCO SECCION 1 B,2516.87
IZTACALCO,LOS PICOS DE IZTACALCO SECCION 2 A,2502.189911
IZTACALCO,MILITAR MARTE,2967.59
IZTACALCO,NUEVA SANTA ANITA,2157.294984
IZTACALCO,REFORMA IZTACCIHUATL NORTE,2704
IZTACALCO,REFORMA IZTACCIHUATL SUR,2967.59
IZTACALCO,SANTA ANITA,2256.53347
IZTACALCO,TLAZINTLA,2665.186923
IZTACALCO,VIADUCTO PIEDAD,2760.251464
IZTAPALAPA,12 DE DICIEMBRE,1460.53
IZTAPALAPA,AÃ¯Â¿Â½O DE JUAREZ,1473.25872
IZTAPALAPA,ALBARRADA,2598.35
IZTAPALAPA,ALLAPETLALLI,1145.91
IZTAPALAPA,ALVARO OBREGON,1290.96
IZTAPALAPA,AMPLIACION BELLAVISTA,1405.11
IZTAPALAPA,AMPLIACION EL SANTUARIO,1742.935525
IZTAPALAPA,AMPLIACION EL TRIUNFO,2718.98
IZTAPALAPA,AMPLIACION EMILIANO ZAPATA,646.8664841
IZTAPALAPA,AMPLIACION LOS REYES,1744.441925
IZTAPALAPA,AMPLIACION PARAJE SAN JUAN,1794.64
IZTAPALAPA,AMPLIACION RICARDO FLORES MAGON,2396.583012
IZTAPALAPA,AMPLIACION SAN MIGUEL,2598.35
IZTAPALAPA,AMPLIACION SANTA MARIA AZTAHUACAN,1150.218024
IZTAPALAPA,AMPLIACION SINATEL,2662.33
IZTAPALAPA,AMPLIACION VERACRUZANA,1460.53
IZTAPALAPA,APATLACO,2718.98
IZTAPALAPA,BANJIDAL,2721.88659
IZTAPALAPA,BARRANCA DE GUADALUPE,201.73
IZTAPALAPA,BARRIO GUADALUPE,1503.345595
IZTAPALAPA,BARRIO LA ASUNCION,2283.45
IZTAPALAPA,BARRIO SAN ANTONIO,1412.16809
IZTAPALAPA,BARRIO SAN ANTONIO CULHUACAN,1516.888094
IZTAPALAPA,BARRIO SAN IGNACIO,2283.45
IZTAPALAPA,BARRIO SAN JOSE,2292.533279
IZTAPALAPA,BARRIO SAN LORENZO,1415.951372
IZTAPALAPA,BARRIO SAN LUCAS,2499.544816
IZTAPALAPA,BARRIO SAN MIGUEL,2400.971867
IZTAPALAPA,BARRIO SAN PABLO,2706.639981
IZTAPALAPA,BARRIO SAN PEDRO,2674.149326
IZTAPALAPA,BARRIO SAN SIMON CULHUACAN,1460.53
IZTAPALAPA,BARRIO SANTA BARBARA,2333.607851
IZTAPALAPA,BARRIO TULA,1516.89276
IZTAPALAPA,BELLAVISTA,1405.11
IZTAPALAPA,BENITO JUAREZ,1405.11
IZTAPALAPA,BUENAVISTA,879.8775551
IZTAPALAPA,CACAMA,2837.390174
IZTAPALAPA,CAMPESTRE POTRERO,451.6093036
IZTAPALAPA,CANANEA,1437.29
IZTAPALAPA,CARLOS HANK GONZALEZ,965.0563259
IZTAPALAPA,CARLOS JONGUITUD BARRIOS,1405.11
IZTAPALAPA,CASA BLANCA,1405.11
IZTAPALAPA,CELOALLIOTLI,1145.91
IZTAPALAPA,CENTRAL DE ABASTO,2868.62016
IZTAPALAPA,CERRO DE LA ESTRELLA,1620.735216
IZTAPALAPA,CHINAMPAC DE JUAREZ,1369.964753
IZTAPALAPA,CITLALLI,1264.770532
IZTAPALAPA,COLONIAL IZTAPALAPA,2655.275796
IZTAPALAPA,CONSEJO AGRARISTA MEXICANO,1577.721111
IZTAPALAPA,CONSTITUCION DE 1917,2542.179221
IZTAPALAPA,CUCHILLA DEL MORAL,2796.558204
IZTAPALAPA,DEGOLLADO,909.5
IZTAPALAPA,DEGOLLADO-MEXICATLALLI,216.6710285
IZTAPALAPA,DESARROLLO URBANO QUETZALCOATL,1083.564592
IZTAPALAPA,DR ALFONSO ORTIZ TIRADO,3393.522337
IZTAPALAPA,EJERCITO DE AGUA PRIETA,1290.96
IZTAPALAPA,EJERCITO DE ORIENTE,1581.889908
IZTAPALAPA,EJERCITO DE ORIENTE ZONA PEÃ¯Â¿Â½ON,2300.6
IZTAPALAPA,EJERCITO DE ORIENTE ZONA PEï¿½ON,2300.6
IZTAPALAPA,EL EDEN,1087.8
IZTAPALAPA,EL MANTO,1732.023567
IZTAPALAPA,EL MIRADOR,1460.53
IZTAPALAPA,EL MOLINO,1684.761844
IZTAPALAPA,EL MOLINO TEZONCO,1145.91
IZTAPALAPA,EL PARAISO,1299.697598
IZTAPALAPA,EL PRADO,2798.313032
IZTAPALAPA,EL RETOÃ¯Â¿Â½O,2956.772609
IZTAPALAPA,EL RETOï¿½O,3425.54439
IZTAPALAPA,EL RODEO,1405.11
IZTAPALAPA,EL ROSARIO,1410.136344
IZTAPALAPA,EL SANTUARIO,2941.125293
IZTAPALAPA,EL SIFON,2935.205878
IZTAPALAPA,EL TRIANGULO,1657.816107
IZTAPALAPA,EL TRIUNFO,2718.98
IZTAPALAPA,EL VERGEL,1554.393939
IZTAPALAPA,ERMITA ZARAGOZA,1885.056797
IZTAPALAPA,ESCUADRON 201,2196.407308
IZTAPALAPA,ESTADO DE VERACRUZ,1460.53
IZTAPALAPA,ESTRELLA CULHUACAN,1460.53
IZTAPALAPA,ESTRELLA DEL SUR,1723.014109
IZTAPALAPA,EVA SAMANO DE LOPEZ MATEOS,2598.35
IZTAPALAPA,FRANCISCO VILLA,1787.352947
IZTAPALAPA,FUEGO NUEVO,1460.53
IZTAPALAPA,GRANJAS DE SAN ANTONIO,2246.648734
IZTAPALAPA,GRANJAS ESMERALDA,2199.918579
IZTAPALAPA,GRANJAS ESTRELLA,1594.125288
IZTAPALAPA,GUADALUPE DEL MORAL,2330.591029
IZTAPALAPA,HEROES DE CHURUBUSCO,2269.260049
IZTAPALAPA,INSURGENTES,1138.001959
IZTAPALAPA,IXTLAHUACAN,725.0592548
IZTAPALAPA,JACARANDAS,1984.421676
IZTAPALAPA,JARDINES DE CHURUBUSCO,2444.023156
IZTAPALAPA,JARDINES DE SAN LORENZO TEZONCO,1145.91
IZTAPALAPA,JOSE LOPEZ PORTILLO,1405.11
IZTAPALAPA,JOSE MARIA MORELOS Y PAVON,1290.96
IZTAPALAPA,JUAN ESCUTIA,2301.097399
IZTAPALAPA,JUSTO SIERRA,2689.955952
IZTAPALAPA,LA ERA,1972.411833
IZTAPALAPA,LA ESPERANZA,1824.98963
IZTAPALAPA,LA PLANTA,1145.91
IZTAPALAPA,LA REGADERA,2556.808443
IZTAPALAPA,LAS PEÃ¯Â¿Â½AS,1632.620834
IZTAPALAPA,LAS PEï¿½AS,1652.36
IZTAPALAPA,LEYES DE REFORMA 1A SECCION,1855.99
IZTAPALAPA,LEYES DE REFORMA 2A SECCION,1545.8
IZTAPALAPA,LEYES DE REFORMA 3A SECCION,2013.424928
IZTAPALAPA,LOMAS DE LA ESTANCIA,687.1244584
IZTAPALAPA,LOMAS DE SAN LORENZO,1445.172962
IZTAPALAPA,LOMAS DE STA CRUZ,1040.95915
IZTAPALAPA,LOMAS DE ZARAGOZA,815.1950107
IZTAPALAPA,LOMAS EL MANTO,1460.53
IZTAPALAPA,LOMAS ESTRELLA,2974.827719
IZTAPALAPA,LOS ANGELES,2136.446539
IZTAPALAPA,LOS ANGELES APANOAYA,2094.29
IZTAPALAPA,LOS CIPRESES,2187.252171
IZTAPALAPA,LOS PICOS,1955.51
IZTAPALAPA,MIGUEL DE LA MADRID HURTADO,740.82
IZTAPALAPA,MINERVA,2233.826282
IZTAPALAPA,MIRAVALLES,470.0770738
IZTAPALAPA,MIXCOATL,1134.53
IZTAPALAPA,MONTE ALBAN,1087.8
IZTAPALAPA,NUEVA ROSITA,2455.34
IZTAPALAPA,PALMITAS,1108.55
IZTAPALAPA,PARAJE SAN JUAN,1744.82
IZTAPALAPA,PARAJE SAN JUAN CERRO,1709.872534
IZTAPALAPA,PARAJE ZACATEPEC,1126.753008
IZTAPALAPA,PARQUE NACIONAL CERRO DE LA ESTRELLA,1460.53
IZTAPALAPA,PASEOS DE CHURUBUSCO,3608.686947
IZTAPALAPA,PLAN DE IGUALA,1460.53
IZTAPALAPA,POLVORILLA,678.2197785
IZTAPALAPA,PRESIDENTES DE MEXICO,1981.832205
IZTAPALAPA,PROGRESISTA,2598.35
IZTAPALAPA,PROGRESO DEL SUR,2185.548971
IZTAPALAPA,PUEBLO ACULCO,2322.65
IZTAPALAPA,PUEBLO CULHUACAN,1555.725971
IZTAPALAPA,PUEBLO LOS REYES CULHUACAN,1837.812847
IZTAPALAPA,PUEBLO MAGDALENA ATLAZOLPA,2696.931815
IZTAPALAPA,PUEBLO MEXICALTZINGO,2409.003584
IZTAPALAPA,PUEBLO SAN ANDRES TOMATLAN,1460.53
IZTAPALAPA,PUEBLO SAN JUANICO NEXTIPAC,2532.051646
IZTAPALAPA,PUEBLO SAN LORENZO TEZONCO,1456.348455
IZTAPALAPA,PUEBLO SAN LORENZO XICOTENCATL,1253.416406
IZTAPALAPA,PUEBLO SAN SEBASTIAN TECOLOXTITLA,1087.8
IZTAPALAPA,PUEBLO SANTA MARIA AZTAHUACAN,1132.8845
IZTAPALAPA,PUEBLO SANTA MARIA TOMATLAN,1460.53
IZTAPALAPA,PUEBLO SANTA MARTHA ACATITLA,1495.431789
IZTAPALAPA,PUEBLO SANTIAGO ACAHUALTEPEC,1141.099918
IZTAPALAPA,PUEBLO STA CRUZ MEYEHUALCO,1597.709602
IZTAPALAPA,PUENTE BLANCO,1405.11
IZTAPALAPA,PURISIMA ATLAZOLPA,2455.34
IZTAPALAPA,REAL DEL MORAL,3410.556548
IZTAPALAPA,REFORMA POLITICA,1646.793863
IZTAPALAPA,RENOVACION,1379.908089
IZTAPALAPA,RICARDO FLORES MAGON,2281.796543
IZTAPALAPA,SAN ANDRES TETEPILCO,3002.2
IZTAPALAPA,SAN ANTONIO CULHUACAN,1460.53
IZTAPALAPA,SAN JOSE ACULCO,2322.65
IZTAPALAPA,SAN JOSE BUENAVISTA,550.1490957
IZTAPALAPA,SAN JUAN ESTRELLA,1405.11
IZTAPALAPA,SAN JUAN JOYA,2005.611747
IZTAPALAPA,SAN JUAN XALPA,1666.974259
IZTAPALAPA,SAN MIGUEL 8VA AMPLIACION,2184.432022
IZTAPALAPA,SAN MIGUEL TEOTONGO (SECC LA CRUZ),766.4514871
IZTAPALAPA,SAN MIGUEL TEOTONGO (SECC LAS TORRES),786.94
IZTAPALAPA,SAN MIGUEL TEOTONGO SECC ACORRALADO,566.52
IZTAPALAPA,SAN MIGUEL TEOTONGO SECC AVISADERO,827.5
IZTAPALAPA,SAN MIGUEL TEOTONGO SECC CAPILLA,786.94
IZTAPALAPA,SAN MIGUEL TEOTONGO SECC CORRALES,743.3274583
IZTAPALAPA,SAN MIGUEL TEOTONGO SECC GUADALUPE,781.2618182
IZTAPALAPA,SAN MIGUEL TEOTONGO SECC JARDINES,566.52
IZTAPALAPA,SAN MIGUEL TEOTONGO SECC LOMA ALTA,786.94
IZTAPALAPA,SAN MIGUEL TEOTONGO SECC MERCEDES,786.94
IZTAPALAPA,SAN MIGUEL TEOTONGO SECC PALMITAS,620.4821662
IZTAPALAPA,SAN MIGUEL TEOTONGO SECC PUENTE,786.9805479
IZTAPALAPA,SAN MIGUEL TEOTONGO SECC RANCHITO,786.94
IZTAPALAPA,SAN MIGUEL TEOTONGO SECC RANCHO BAJO,789.5717557
IZTAPALAPA,SAN MIGUEL TEOTONGO SECCION IZTLAHUACA,579.5791983
IZTAPALAPA,SAN NICOLAS TOLENTINO,1405.224386
IZTAPALAPA,SAN PABLO,474.1158909
IZTAPALAPA,SANTA ISABEL INDUSTRIAL,2345.894908
IZTAPALAPA,SANTA MARIA AZTAHUACAN,991.68
IZTAPALAPA,SANTA MARIA DEL MONTE,1460.53
IZTAPALAPA,SANTA MARTHA ACATITLA NORTE,1554.176903
IZTAPALAPA,SANTA MARTHA ACATITLA SUR,1266.325201
IZTAPALAPA,SANTIAGO ACAHUALTEPEC 1A AMPLIACIÃ¯Â¿Â½N,1170.17555
IZTAPALAPA,SANTIAGO ACAHUALTEPEC 1A AMPLIACIï¿½N,2354.917059
IZTAPALAPA,SANTIAGO ACAHUALTEPEC 2A AMPLIACION,1057.205037
IZTAPALAPA,SECTOR POPULAR,2239.980473
IZTAPALAPA,SIDERAL,2005.48
IZTAPALAPA,SINATEL,2745.010998
IZTAPALAPA,TENORIOS,1002.02
IZTAPALAPA,TEPALCATES,2356.948557
IZTAPALAPA,UNIDAD EJERCITO CONSTITUCIONALISTA,1309.46
IZTAPALAPA,UNIDAD MODELO,3126.678335
IZTAPALAPA,UNIDAD SANTA CRUZ MEYEHUALCO,1123.242084
IZTAPALAPA,UNIDAD VICENTE GUERRERO,1702.71
IZTAPALAPA,USCOVI,1145.91
IZTAPALAPA,VALLE DE LUCES,1460.53
IZTAPALAPA,VALLE DE SAN LORENZO,1145.91
IZTAPALAPA,VALLE DEL SUR,1460.53
IZTAPALAPA,XALPA,975.0608941
IZTAPALAPA,ZACAHUITZCO,3002.2
IZTAPALAPA,ZONA RUSTICA,278.1932787
MAGDALENA CONTRERAS,AMPLIACION LOMAS DE SAN BERNABE,509.477551
MAGDALENA CONTRERAS,AMPLIACION POTRERILLO,1338.97
MAGDALENA CONTRERAS,ATACAXCO,1184.241288
MAGDALENA CONTRERAS,BARRANCA SECA,1832.871909
MAGDALENA CONTRERAS,BARRIO LAS CALLES,2185.38
MAGDALENA CONTRERAS,BARRIO SAN FRANCISCO,2104.610463
MAGDALENA CONTRERAS,BARROS SIERRA,1340.811097
MAGDALENA CONTRERAS,CERRO DEL JUDIO - AV,886.67
MAGDALENA CONTRERAS,CRESCENCIO JUAREZ CHAVIRA,793.54
MAGDALENA CONTRERAS,CUAUHTEMOC,2194.08
MAGDALENA CONTRERAS,EL ERMITAÃ¯Â¿Â½O,983.1375783
MAGDALENA CONTRERAS,EL MAESTRO,2978.95
MAGDALENA CONTRERAS,EL OCOTAL,783.1275
MAGDALENA CONTRERAS,EL ROSAL,1355.4
MAGDALENA CONTRERAS,EL TANQUE,1050.812756
MAGDALENA CONTRERAS,EL TORO,1352.276255
MAGDALENA CONTRERAS,HEROES DE PADIERNA,5732.794863
MAGDALENA CONTRERAS,HUAYATLA,1338.97
MAGDALENA CONTRERAS,LA CARBONERA,912.4304856
MAGDALENA CONTRERAS,LA CONCEPCION,1481.250837
MAGDALENA CONTRERAS,LA CRUZ,1938.513171
MAGDALENA CONTRERAS,LA GUADALUPE,1970.558516
MAGDALENA CONTRERAS,LA MALINCHE,2209.94
MAGDALENA CONTRERAS,LAS CRUCES,799.3307762
MAGDALENA CONTRERAS,LAS HUERTAS,1457.649767
MAGDALENA CONTRERAS,LOMAS DE SAN BERNABE,1315.920462
MAGDALENA CONTRERAS,LOMAS QUEBRADAS,1964.561737
MAGDALENA CONTRERAS,LOS PADRES,1284.329471
MAGDALENA CONTRERAS,PALMAS,1125.18
MAGDALENA CONTRERAS,PLAZUELA DEL PEDREGAL,1389.27
MAGDALENA CONTRERAS,POTRERILLO,1340.613
MAGDALENA CONTRERAS,PUEBLO LA MAGDALENA,1559.45
MAGDALENA CONTRERAS,PUEBLO NUEVO ALTO,1972.751614
MAGDALENA CONTRERAS,PUEBLO NUEVO BAJO,2005.467085
MAGDALENA CONTRERAS,PUEBLO SAN BERNABE OCOTEPEC,1056.701278
MAGDALENA CONTRERAS,PUEBLO SAN NICOLAS TOTOLAPAN,1342.638272
MAGDALENA CONTRERAS,SAN BARTOLO AMEYALCO,1114.779596
MAGDALENA CONTRERAS,SAN FRANCISCO,2092.41
MAGDALENA CONTRERAS,SAN JERONIMO ACULCO,3676.693798
MAGDALENA CONTRERAS,SAN JERONIMO LIDICE,4482.324306
MAGDALENA CONTRERAS,SANTA TERESA,2658.886697
MAGDALENA CONTRERAS,TIERRA UNIDA,1338.97
MAGDALENA CONTRERAS,VISTA HERMOSA,1213.989256
MAGDALENA CONTRERAS,ZONA RUSTICA,556.7309524
MIGUEL HIDALGO,,1
MIGUEL HIDALGO,10 DE ABRIL,2947.74
MIGUEL HIDALGO,16 DE SEPTIEMBRE,2717.94
MIGUEL HIDALGO,5 DE MAYO,2970.45
MIGUEL HIDALGO,AGRICULTURA,2437.4
MIGUEL HIDALGO,AHUEHUETES ANAHUAC,2729.13
MIGUEL HIDALGO,AMERICA,2717.94
MIGUEL HIDALGO,AMPLIACION DANIEL GARZA,2102.831509
MIGUEL HIDALGO,AMPLIACION GRANADA,6658.761233
MIGUEL HIDALGO,AMPLIACION POPO,2970.45
MIGUEL HIDALGO,AMPLIACION TORRE BLANCA,2970.45
MIGUEL HIDALGO,ANAHUAC I SECCION,4598.005251
MIGUEL HIDALGO,ANAHUAC II SECCION,3682.64
MIGUEL HIDALGO,ANZURES,10571.2244
MIGUEL HIDALGO,ARGENTINA ANTIGUA,2971.349003
MIGUEL HIDALGO,ARGENTINA PONIENTE,2969.877681
MIGUEL HIDALGO,BOSQUE DE CHAPULTEPEC I SECCION,13440.9222
MIGUEL HIDALGO,BOSQUE DE CHAPULTEPEC II SECCION,6273.722738
MIGUEL HIDALGO,BOSQUE DE LAS LOMAS,11309.89499
MIGUEL HIDALGO,CUAUHTEMOC PENSIL,2970.45
MIGUEL HIDALGO,DANIEL GARZA,2717.94
MIGUEL HIDALGO,DEPORTIVO PENSIL,2970.45
MIGUEL HIDALGO,DOS LAGOS,2970.45
MIGUEL HIDALGO,ESCANDON I SECCION,6120.626272
MIGUEL HIDALGO,ESCANDON II SECCION,6044.864473
MIGUEL HIDALGO,FRANCISCO I MADERO,2970.45
MIGUEL HIDALGO,GRANADA,11060.71919
MIGUEL HIDALGO,HUICHAPAN,3497.362183
MIGUEL HIDALGO,IGNACIO MANUEL ALTAMIRANO,2163.57
MIGUEL HIDALGO,IRRIGACION,5684.210712
MIGUEL HIDALGO,LAGO NORTE,2771.141174
MIGUEL HIDALGO,LAGO SUR,2794.63718
MIGUEL HIDALGO,LEGARIA,2970.45
MIGUEL HIDALGO,LOMA HERMOSA,5138.764639
MIGUEL HIDALGO,LOMAS ALTAS,6129.128148
MIGUEL HIDALGO,LOMAS DE BEZARES,5506.88
MIGUEL HIDALGO,LOMAS DE CHAPULTEPEC I SECCION,8436.29
MIGUEL HIDALGO,LOMAS DE CHAPULTEPEC II SECCION,8775.893445
MIGUEL HIDALGO,LOMAS DE CHAPULTEPEC III SECCION,15335.13992
MIGUEL HIDALGO,LOMAS DE CHAPULTEPEC IV SECCION,12390.07492
MIGUEL HIDALGO,LOMAS DE CHAPULTEPEC V SECCION,8996.610889
MIGUEL HIDALGO,LOMAS DE CHAPULTEPEC VI SECCION,8436.29
MIGUEL HIDALGO,LOMAS DE CHAPULTEPEC VII SECCION,8626.407849
MIGUEL HIDALGO,LOMAS DE CHAPULTEPEC VIII SECCION,9647.304225
MIGUEL HIDALGO,LOMAS DE REFORMA,8436.29
MIGUEL HIDALGO,LOMAS DE SOTELO,5504.83
MIGUEL HIDALGO,LOS MANZANOS,3360.101402
MIGUEL HIDALGO,MANUEL AVILA CAMACHO,3090.704651
MIGUEL HIDALGO,MARIANO ESCOBEDO,4503.794571
MIGUEL HIDALGO,MEXICO NUEVO,2970.45
MIGUEL HIDALGO,MODELO PENSIL,2970.45
MIGUEL HIDALGO,MOLINO DEL REY,6411.944091
MIGUEL HIDALGO,NEXTITLA,2437.4
MIGUEL HIDALGO,OBSERVATORIO,2488.311902
MIGUEL HIDALGO,PANTEON CIVIL DE DOLORES,6670.27
MIGUEL HIDALGO,PENSIL NORTE,2970.45
MIGUEL HIDALGO,PENSIL SUR,2970.45
MIGUEL HIDALGO,PERALITOS,2729.13
MIGUEL HIDALGO,PERIODISTA,5996.861163
MIGUEL HIDALGO,PLUTARCO ELIAS CALLES,2437.4
MIGUEL HIDALGO,POLANCO I SECCION,17034.40502
MIGUEL HIDALGO,POLANCO II SECCION,15200.55053
MIGUEL HIDALGO,POLANCO III SECCION,17785.92238
MIGUEL HIDALGO,POLANCO IV SECCION,16951.82521
MIGUEL HIDALGO,POLANCO V SECCION,16096.4673
MIGUEL HIDALGO,POPO,2970.45
MIGUEL HIDALGO,POPOTLA,4221.932703
MIGUEL HIDALGO,REAL DE LAS LOMAS,7749.748925
MIGUEL HIDALGO,REFORMA PENSIL,2970.45
MIGUEL HIDALGO,REFORMA SOCIAL,7504.901692
MIGUEL HIDALGO,RESIDENCIAL MILITAR,3456.48
MIGUEL HIDALGO,SAN DIEGO OCOYOACAC,2255.963671
MIGUEL HIDALGO,SAN JOAQUIN,2538.326644
MIGUEL HIDALGO,SAN JUANICO,2957.604973
MIGUEL HIDALGO,SAN LORENZO TLATENANGO,1400.593757
MIGUEL HIDALGO,SAN MIGUEL CHAPULTEPEC I SECCION,4630.439884
MIGUEL HIDALGO,SAN MIGUEL CHAPULTEPEC II SECCION,4675.716733
MIGUEL HIDALGO,SANTO TOMAS,2619.862434
MIGUEL HIDALGO,TACUBA,3588.742028
MIGUEL HIDALGO,TACUBAYA,3920.807199
MIGUEL HIDALGO,TLAXPANA,3682.64
MIGUEL HIDALGO,TORRE BLANCA,3715.091485
MIGUEL HIDALGO,UN HOGAR PARA NOSOTROS,2437.4
MIGUEL HIDALGO,VENTURA PEREZ DE ALVA,2970.45
MIGUEL HIDALGO,VERONICA ANZURES,9214.98886
MILPA ALTA,BARRIO CENTRO,554.4128977
MILPA ALTA,BARRIO CHALMITA,557.9368208
MILPA ALTA,BARRIO CRUZTITLA,673.2061325
MILPA ALTA,BARRIO LA CONCEPCION,689.78
MILPA ALTA,BARRIO LA LUPITA TETICPAC,391.7875879
MILPA ALTA,BARRIO LA LUPITA XOLCO,139.57
MILPA ALTA,BARRIO LA LUZ,671.3027985
MILPA ALTA,BARRIO LOS ANGELES,689.78
MILPA ALTA,BARRIO NOCHTLA,554.48
MILPA ALTA,BARRIO OCOTITLA,548.1575619
MILPA ALTA,BARRIO PANCHIMALCO,545.4846612
MILPA ALTA,BARRIO SAN AGUSTIN,463.6663014
MILPA ALTA,BARRIO SAN JOSE,413.8882796
MILPA ALTA,BARRIO SAN JUAN,538.8718868
MILPA ALTA,BARRIO SAN MARCOS,416.87
MILPA ALTA,BARRIO SAN MATEO,664.5208583
MILPA ALTA,BARRIO SAN MIGUEL,521.0609211
MILPA ALTA,BARRIO SAN MIGUEL PUEBLO SANTA ANA TLACOTENCO,412.7920588
MILPA ALTA,BARRIO SANTA CRUZ,596.5811633
MILPA ALTA,BARRIO SANTA MARTHA,655.4348065
MILPA ALTA,BARRIO TECAXTITLA,673.1317207
MILPA ALTA,BARRIO TENANTITLA,701.536308
MILPA ALTA,BARRIO TULA,554.48
MILPA ALTA,BARRIO XALTIPAC,746.34
MILPA ALTA,BARRIO XOCHITEPETL,682.2980859
MILPA ALTA,LA CONCHITA,568.5913706
MILPA ALTA,PUEBLO SAN AGUSTIN OHTENCO,433.6709231
MILPA ALTA,PUEBLO SAN BARTOLOME XICOMULCO,281.284779
MILPA ALTA,PUEBLO SAN FRANCISCO TECOXPA,516.4572727
MILPA ALTA,PUEBLO SAN JERONIMO MIACATLAN,587.9806195
MILPA ALTA,PUEBLO SAN JUAN TEPENAHUAC,294.9282143
MILPA ALTA,PUEBLO SAN LORENZO TLACOYUCAN,347.8618124
MILPA ALTA,PUEBLO SAN SALVADOR CUAUHTENCO,442.6532907
MILPA ALTA,VILLA MILPA ALTA CENTRO,689.78
MILPA ALTA,XALTIPAC,734.2975
MILPA ALTA,ZONA RUSTICA,334.6005934
TLAHUAC,AGRICOLA METROPOLITANA,1531.94
TLAHUAC,AMPLIACION  ZAPOTITLA,1148.05
TLAHUAC,AMPLIACION JOSE LOPEZ PORTILLO,822.36
TLAHUAC,AMPLIACION LA CONCHITA,789.0235537
TLAHUAC,AMPLIACION LOS OLIVOS,1536.263185
TLAHUAC,AMPLIACION SANTA CATARINA,819.23
TLAHUAC,AMPLIACION SELENE,964.3827294
TLAHUAC,BARRIO LA ASUNCION,964.22
TLAHUAC,BARRIO LA CONCEPCION PUEBLO SAN JUAN IXTAYOPAN,822.85
TLAHUAC,BARRIO LA GUADALUPE,204.78
TLAHUAC,BARRIO LA GUADALUPE PUEBLO SAN PEDRO TLAHUAC,827.2332836
TLAHUAC,BARRIO LA MAGDALENA,964.22
TLAHUAC,BARRIO LA SOLEDAD,808.7263539
TLAHUAC,BARRIO LOS REYES,787.9033422
TLAHUAC,BARRIO SAN AGUSTIN,558.4808955
TLAHUAC,BARRIO SAN AGUSTIN PUEBLO SAN JUAN IXTAYOPAN,822.85
TLAHUAC,BARRIO SAN ANDRES,964.22
TLAHUAC,BARRIO SAN BARTOLOME,555.4597846
TLAHUAC,BARRIO SAN JUAN,964.22
TLAHUAC,BARRIO SAN MATEO,964.22
TLAHUAC,BARRIO SAN MIGUEL,563.84
TLAHUAC,BARRIO SAN MIGUEL PUEBLO SAN PEDRO TLAHUAC,964.22
TLAHUAC,BARRIO SANTA ANA,964.22
TLAHUAC,BARRIO SANTA ANA CENTRO,967.9426415
TLAHUAC,BARRIO SANTA ANA NORTE,1092.795473
TLAHUAC,BARRIO SANTA ANA PONIENTE,1563.641122
TLAHUAC,BARRIO SANTA ANA SUR,1563.90922
TLAHUAC,BARRIO SANTA CRUZ,204.78
TLAHUAC,BARRIO SANTIAGO,819.23
TLAHUAC,BARRIO SANTIAGO CENTRO DEL PBO SANTIAGO ZAPOTITLAN,1022.766988
TLAHUAC,BARRIO SANTIAGO NORTE DEL PBO SANTIAGO ZAPOTITLÃ¯Â¿Â½N,822.36
TLAHUAC,BARRIO SANTIAGO NORTE DEL PBO SANTIAGO ZAPOTITLï¿½N,822.36
TLAHUAC,BARRIO SANTIAGO SUR,1556.73224
TLAHUAC,BO SAN MIGUEL DEL PBO SANTA CATARINA YECAHUIZOTL,819.369913
TLAHUAC,CHICHILAULA,204.78
TLAHUAC,DEL MAR,1301.994724
TLAHUAC,EL ROSARIO,694.2720494
TLAHUAC,EL TRIANGULO DEL PBLO. DE SN. FCO. TLALTENCO,1113.270305
TLAHUAC,FRANCISCO VILLA,820.7871094
TLAHUAC,GRANJAS CABRERA,1188.338442
TLAHUAC,GUADALUPE STA CATARINA YEC,819.23
TLAHUAC,GUADALUPE TLALTENCO,964.22
TLAHUAC,JAIME TORRES BODET,562.5698566
TLAHUAC,JARDINES DEL LLANO,822.85
TLAHUAC,LA ASUNCION,822.85
TLAHUAC,LA CONCEPCION,796.4251282
TLAHUAC,LA CONCHITA ZAPOTITLAN,1531.94
TLAHUAC,LA DRAGA,397.67
TLAHUAC,LA ESTACION,1147.73235
TLAHUAC,LA HABANA,964.22
TLAHUAC,LA LUPITA,822.85
TLAHUAC,LA MEZA,204.78
TLAHUAC,LA NOPALERA,1541.912854
TLAHUAC,LA TURBA,1619.3
TLAHUAC,LAS ARBOLEDAS,1554.47858
TLAHUAC,LOPEZ PORTILLO DEL PUEBLO SAN FRANCISCO TLALTENCO,822.36
TLAHUAC,LOS OLIVOS,1401.061954
TLAHUAC,MIGUEL HIDALGO,1531.94
TLAHUAC,OJO DE AGUA,1086.680146
TLAHUAC,PEÃ¯Â¿Â½A ALTA,498.5692708
TLAHUAC,POTRERO DEL LLANO,822.85
TLAHUAC,PUEBLO SAN FRANCISCO TLALTENCO,944.7248322
TLAHUAC,PUEBLO SAN NICOLAS TETELCO,412.3798908
TLAHUAC,QUIAHUATLA,964.22
TLAHUAC,SAN ISIDRO,636.4437883
TLAHUAC,SAN JOSE TLAHUAC DEL PUEBLO SAN PEDRO TLAHUAC,964.22
TLAHUAC,SAN SEBASTIAN DEL PUEBLO SAN PEDRO TLAHUAC,1052.97
TLAHUAC,SANTA CATARINA YECAHUIZOTL,204.78
TLAHUAC,SANTA CECILIA,1014.159893
TLAHUAC,SELENE,968.34873
TLAHUAC,SELENE DEL PUEBLO SAN FRANCISCO TLALTENCO,964.22
TLAHUAC,TEOZOMA,204.78
TLAHUAC,TEPANTITLAMILCO,416.75
TLAHUAC,TIERRA BLANCA DEL PUEBLO SAN JUAN IXTAYOPAN,782.7281707
TLAHUAC,VILLA CENTROAMERICANA,1531.94
TLAHUAC,ZACATENCO,1345.158662
TLAHUAC,ZAPOTITLA,1148.05
TLAHUAC,ZONA RUSTICA,432.7847092
TLALPAN,2 DE OCTUBRE,854.5252089
TLALPAN,A M S A,3310.012353
TLALPAN,AMPLIACION FUENTES DEL PEDREGAL,7478.965698
TLALPAN,AMPLIACION ISIDRO FABELA,2103.388749
TLALPAN,ARBOLEDAS  DEL SUR,2616.89
TLALPAN,ARENAL DE GUADALUPE,3512.768494
TLALPAN,ARENAL TEPEPAN,3651.08
TLALPAN,BARRIO DE CARAMAGUEY,2926.862807
TLALPAN,BARRIO DEL NIÃ¯Â¿Â½O JESUS,2450
TLALPAN,BARRIO DEL NIï¿½O JESUS,2450
TLALPAN,BARRIO EL CAPULIN,2204.72
TLALPAN,BARRIO EL TRUENITO,1667.756882
TLALPAN,BARRIO LA FAMA,3678.160278
TLALPAN,BARRIO LA LONJA,3260.593849
TLALPAN,BARRIO SAN FERNANDO,2277.96
TLALPAN,BELISARIO DOMINGUEZ,2925.04
TLALPAN,BELISARIO DOMINGUEZ SECCION XVI,3325.918433
TLALPAN,BELVEDERE AJUSCO,931.31
TLALPAN,BOSQUES DEL PEDREGAL,848.53
TLALPAN,CANTERA PUENTE DE PIEDRA,2974.111181
TLALPAN,CHICHICASPATL,731.67
TLALPAN,CHIMALLI,3156.98
TLALPAN,CHIMILLI,931.31
TLALPAN,CLUB DE GOLF MEXICO,4068.567029
TLALPAN,COLINAS DEL AJUSCO,1427.1
TLALPAN,COLINAS DEL BOSQUE,3046.230296
TLALPAN,COMUNEROS DE SANTA URSULA,2023.68
TLALPAN,CRUZ DEL FAROL,878.5813559
TLALPAN,CUCHILLA DE PADIERNA,1045.457828
TLALPAN,CULTURA MAYA,1276.87
TLALPAN,CUMBRES DE TEPETONGO,1809.71
TLALPAN,DIAMANTE,947.65
TLALPAN,DIVISADERO,730.32
TLALPAN,DOLORES TLALI,820.998
TLALPAN,EJIDOS DE SAN PEDRO MARTIR,1682.963225
TLALPAN,EL CANTIL,252.8521898
TLALPAN,EL CHARCO,422.1944
TLALPAN,EL MIRADOR 1A SECCION,1210.08
TLALPAN,EL MIRADOR 2A SECCION,1056.09
TLALPAN,EL MIRADOR 3A SECCION,679.26
TLALPAN,EX HACIENDA COAPA,2883.46971
TLALPAN,EX HACIENDA SAN JUAN DE DIOS,2789.74
TLALPAN,FLORESTA COYOACAN,2925.04
TLALPAN,FUENTES BROTANTES,2337.005798
TLALPAN,FUENTES DE TEPEPAN,1772.970149
TLALPAN,FUENTES DEL PEDREGAL,5030.903985
TLALPAN,GRANJAS COAPA,4281.628436
TLALPAN,GUADALUPE,3173.053646
TLALPAN,HACIENDA SAN JUAN,2937.470011
TLALPAN,HEROES DE 1910,309.6713333
TLALPAN,HEROES DE PADIERNA,1427.1
TLALPAN,HEROICO COLEGIO MILITAR,1270.47
TLALPAN,ISIDRO FABELA,2291.896627
TLALPAN,JARDINES DEL AJUSCO,1708.87
TLALPAN,JARDINES EN LA MONTAÃ¯Â¿Â½A,8938.981012
TLALPAN,JARDINES EN LA MONTAï¿½A,9709.15768
TLALPAN,JUVENTUD UNIDA,1786.39
TLALPAN,LA JOYA,2461.027349
TLALPAN,LA PALMA,526.9137339
TLALPAN,LAS TORTOLAS,3078.07
TLALPAN,LOMAS DE CUILOTEPEC,848.53
TLALPAN,LOMAS DE PADIERNA,1694.872082
TLALPAN,LOMAS DE PADIERNA SUR,931.31
TLALPAN,LOMAS DEL PEDREGAL,997.6920588
TLALPAN,LOMAS DEL PEDREGAL FRAMBOYANES,3105.6
TLALPAN,LOMAS HIDALGO,931.31
TLALPAN,LOS ENCINOS,1276.87
TLALPAN,LOS VOLCANES,1554.848553
TLALPAN,MAGISTERIAL,3083.498119
TLALPAN,MAGISTERIAL COAPA,3944.64
TLALPAN,MARIA ESTHER ZUNO DE ECHEVERRIA,1223.886943
TLALPAN,MESA DE LOS HORNOS,1809.71
TLALPAN,MIGUEL HIDALGO,2506.387822
TLALPAN,MIGUEL HIDALGO 1A SECCION,2204.72
TLALPAN,MIGUEL HIDALGO 2A SECCION,2037.693984
TLALPAN,MIGUEL HIDALGO 3A SECCION,1967.381011
TLALPAN,MIGUEL HIDALGO 4A SECCION,1020.457859
TLALPAN,MIRADOR DEL VALLE,1083.93
TLALPAN,MIRADOR I,931.31
TLALPAN,MIRADOR II,931.31
TLALPAN,MOVIMIENTO ORGANIZADO DE TLALPAN,1786.39
TLALPAN,NARCISO MENDOZA,3850.966734
TLALPAN,NUEVA ORIENTAL COAPA,2953.83
TLALPAN,NUEVO RENACIMIENTO DE AXALCO,730.32
TLALPAN,PARAJE 38,686.67
TLALPAN,PARQUE DEL PEDREGAL,9428.157452
TLALPAN,PARQUE NACIONAL BOSQUE DEL PEDREGAL,4277.3575
TLALPAN,PEÃ¯Â¿Â½A POBRE,3738.132625
TLALPAN,PEDREGAL DE LAS AGUILAS,1586.24
TLALPAN,PEDREGAL DE SAN NICOLAS 1A SECCION,1143.655716
TLALPAN,PEDREGAL DE SAN NICOLAS 2A SECCION,1307.03
TLALPAN,PEDREGAL DE SAN NICOLAS 3A SECCION,1306.636188
TLALPAN,PEDREGAL DE SAN NICOLAS 4A SECCION,1234.249219
TLALPAN,PEDREGAL DE SAN NICOLAS 5A SECCION,837.2934615
TLALPAN,PEDREGAL DE SANTA URSULA XITLA,1664.164051
TLALPAN,PEï¿½A POBRE,6513.415278
TLALPAN,PLAN DE AYALA,550.43
TLALPAN,POPULAR SANTA TERESA,1699.51
TLALPAN,PRADO COAPA 1A SECCION,2953.83
TLALPAN,PRADO COAPA 2A SECCION,2997.89816
TLALPAN,PRADO COAPA 3A SECCION,2685.558015
TLALPAN,PRIMAVERA,680.1940336
TLALPAN,PUEBLO CHIMALCOYOTL,1845.913003
TLALPAN,PUEBLO LA MAGDALENA PETLACALCO,606.6554545
TLALPAN,PUEBLO PARRES EL GUARDA,253.2506612
TLALPAN,PUEBLO SAN ANDRES TOTOLTEPEC,1520.895681
TLALPAN,PUEBLO SAN LORENZO HUIPULCO,2150.919518
TLALPAN,PUEBLO SAN MIGUEL AJUSCO,599.6977739
TLALPAN,PUEBLO SAN MIGUEL TOPILEJO,514.9561622
TLALPAN,PUEBLO SAN MIGUEL XICALCO,385.3592507
TLALPAN,PUEBLO SAN PEDRO MARTIR,1449.523417
TLALPAN,PUEBLO SANTA URSULA XITLA,3117.599568
TLALPAN,RANCHO LOS COLORINES,2623.96028
TLALPAN,RESIDENCIAL ACOXPA,3311.334235
TLALPAN,RESIDENCIAL MIRAMONTES,3405.182981
TLALPAN,RESIDENCIAL VILLA COAPA,2795.98
TLALPAN,RINCON DEL PEDREGAL,7680.921181
TLALPAN,RINCONADA COAPA 1A SECCION,2513.29
TLALPAN,RINCONADA COAPA 2A SECCION,4538.125459
TLALPAN,RINCONADA EL MIRADOR,1786.39
TLALPAN,RINCONADA LAS HADAS,2795.98
TLALPAN,ROMULO SANCHEZ MIRELES,2023.68
TLALPAN,SAN BARTOLO EL CHICO,2294.717831
TLALPAN,SAN BUENAVENTURA,4018.38
TLALPAN,SAN JUAN TEPEXIMILPA,947.65
TLALPAN,SAN PEDRO APOSTOL,2277.96
TLALPAN,SANTISIMA TRINIDAD,1809.71
TLALPAN,SANTO TOMAS AJUSCO,601.8757581
TLALPAN,TECORRAL,730.32
TLALPAN,TENORIOS,3999.124327
TLALPAN,TEXCALTENCO,1809.71
TLALPAN,TLALCOLIGIA,1646.356308
TLALPAN,TLALMILLE,679.26
TLALPAN,TLALPAN,3375.137437
TLALPAN,TLALPAN CENTRO,4093.773625
TLALPAN,TLALPUENTE,725.0676955
TLALPAN,TLAXCALTENCO LA MESA,1809.71
TLALPAN,TORIELLO GUERRA,2843.550547
TLALPAN,TORRES DE PADIERNA,1661.698354
TLALPAN,VALLE DE TEPEPAN,1961.472174
TLALPAN,VALLE ESCONDIDO,3102.678492
TLALPAN,VALLE VERDE,468.122027
TLALPAN,VERANO,679.26
TLALPAN,VERGEL COAPA,3149.901288
TLALPAN,VERGEL DE COYOACAN,2790.984161
TLALPAN,VERGEL DEL SUR,3381.71
TLALPAN,VILLA COAPA,4404.993411
TLALPAN,VILLA LAZARO CARDENAS,2595.40832
TLALPAN,VILLA OLIMPICA,9841.965737
TLALPAN,VILLA TLALPAN,2840.630859
TLALPAN,VISTAS DEL PEDREGAL,848.53
TLALPAN,VIVEROS COATECTLAN,769.2813889
TLALPAN,ZACAYUCAN PEÃ¯Â¿Â½A POBRE,6673.440275
TLALPAN,ZACAYUCAN PEï¿½A POBRE,10043.78
TLALPAN,ZAPOTE 1,2672.77
TLALPAN,ZONA RUSTICA,318.8464278
VENUSTIANO CARRANZA,10 DE MAYO,4883.965693
VENUSTIANO CARRANZA,1o DE MAYO,3020.98
VENUSTIANO CARRANZA,20 DE NOVIEMBRE,3020.98
VENUSTIANO CARRANZA,24 DE ABRIL,3062.57
VENUSTIANO CARRANZA,4 ARBOLES,2048.951032
VENUSTIANO CARRANZA,5Ã¯Â¿Â½ TRAMO 20 DE NOVIEMBRE,3020.98
VENUSTIANO CARRANZA,5ï¿½ TRAMO 20 DE NOVIEMBRE,3020.98
VENUSTIANO CARRANZA,7 DE JULIO,2212.449961
VENUSTIANO CARRANZA,AARON SAENZ,3062.57
VENUSTIANO CARRANZA,ADOLFO LOPEZ MATEOS,2128.55736
VENUSTIANO CARRANZA,AERONAUTICA MILITAR,3062.57
VENUSTIANO CARRANZA,ALVARO OBREGON,3062.57
VENUSTIANO CARRANZA,AMPLIACION 20 DE NOVIEMBRE,3020.98
VENUSTIANO CARRANZA,AMPLIACION AVIACION CIVIL,2453.247248
VENUSTIANO CARRANZA,AMPLIACION CARACOL,1825.24
VENUSTIANO CARRANZA,AMPLIACION MICHOACANA,3020.98
VENUSTIANO CARRANZA,AMPLIACION PENITENCIARIA,3255.336418
VENUSTIANO CARRANZA,AMPLIACION SIMON BOLIVAR,3020.98
VENUSTIANO CARRANZA,AMPLIACION VENUSTIANO CARRANZA,3020.98
VENUSTIANO CARRANZA,AQUILES SERDAN,3020.98
VENUSTIANO CARRANZA,ARENAL 1A. SECCION,1825.24
VENUSTIANO CARRANZA,ARENAL 2A. SECCION,1825.24
VENUSTIANO CARRANZA,ARENAL 3A. SECCION,1825.24
VENUSTIANO CARRANZA,ARENAL 4A. SECCION,1825.24
VENUSTIANO CARRANZA,ARENAL PUERTO AEREO,2872.23
VENUSTIANO CARRANZA,ARPTO INT DE LA CD DE MEX-EQUIPAMIENTO,2583.85
VENUSTIANO CARRANZA,ARTES GRAFICAS,4315.334768
VENUSTIANO CARRANZA,AVIACION CIVIL,2050.59489
VENUSTIANO CARRANZA,AZTECA,3020.98
VENUSTIANO CARRANZA,CARACOL,1838.924059
VENUSTIANO CARRANZA,CUCHILLA PANTITLAN,2587.306023
VENUSTIANO CARRANZA,DAMIAN CARMONA,3020.98
VENUSTIANO CARRANZA,DEL PARQUE,2736.492658
VENUSTIANO CARRANZA,EMILIO CARRANZA,3338.946782
VENUSTIANO CARRANZA,ESCUELA DE TIRO,3020.98
VENUSTIANO CARRANZA,FEDERAL,1969.312622
VENUSTIANO CARRANZA,FELIPE ANGELES,3020.98
VENUSTIANO CARRANZA,GENERAL IGNACIO ZARAGOZA,2034.071351
VENUSTIANO CARRANZA,INDUSTRIAL PUERTO AEREO,3255.317632
VENUSTIANO CARRANZA,JAMAICA,3910.889734
VENUSTIANO CARRANZA,JANITZIO,3031.492831
VENUSTIANO CARRANZA,JARDIN BALBUENA,2939.950575
VENUSTIANO CARRANZA,LORENZO BOTURINI,3943.950365
VENUSTIANO CARRANZA,MAGDALENA MIXIUHCA,3075.346225
VENUSTIANO CARRANZA,MERCED BALBUENA,4013.401591
VENUSTIANO CARRANZA,MICHOACANA,3020.98
VENUSTIANO CARRANZA,MIGUEL HIDALGO,3020.98
VENUSTIANO CARRANZA,MOCTEZUMA 1A SECCION,2049.50926
VENUSTIANO CARRANZA,MOCTEZUMA 2A. SECCION,2741.118613
VENUSTIANO CARRANZA,MORELOS,3222.476003
VENUSTIANO CARRANZA,NICOLAS BRAVO,3103.474791
VENUSTIANO CARRANZA,PEÃ¯Â¿Â½ON DE LOS BAÃ¯Â¿Â½OS,3023.936734
VENUSTIANO CARRANZA,PEï¿½ON DE LOS BAï¿½OS,3114.244615
VENUSTIANO CARRANZA,PENITENCIARIA,3020.98
VENUSTIANO CARRANZA,PENSADOR MEXICANO,3020.98
VENUSTIANO CARRANZA,POPULAR RASTRO,3040.93552
VENUSTIANO CARRANZA,PROGRESISTA,3020.98
VENUSTIANO CARRANZA,PUEBLA,1934.200733
VENUSTIANO CARRANZA,PUEBLO DE LA MAGDALENA MIXIUHCA,3087.390027
VENUSTIANO CARRANZA,REVOLUCION,3020.98
VENUSTIANO CARRANZA,ROMERO RUBIO,3020.98
VENUSTIANO CARRANZA,SANTA CRUZ AVIACION,3228.0736
VENUSTIANO CARRANZA,SEVILLA,3093.386602
VENUSTIANO CARRANZA,SIMON BOLIVAR,3020.98
VENUSTIANO CARRANZA,TRES MOSQUETEROS,3020.98
VENUSTIANO CARRANZA,VALENTIN GOMEZ FARIAS,1985.173781
VENUSTIANO CARRANZA,VALLE GOMEZ,3020.98
VENUSTIANO CARRANZA,VENUSTIANO CARRANZA,3020.98
VENUSTIANO CARRANZA,ZONA CENTRO,4665.831356
XOCHIMILCO,AÃ¯Â¿Â½O DE JUAREZ,1078.67
XOCHIMILCO,Aï¿½O DE JUAREZ,1078.67
XOCHIMILCO,AMPLIACION NATIVITAS,701.5246061
XOCHIMILCO,AMPLIACION SAN MARCOS NORTE,2025.175302
XOCHIMILCO,AMPLIACION TEPEPAN,2211.395961
XOCHIMILCO,BARRIO 18,2191.28
XOCHIMILCO,BARRIO 3 DE MAYO,1078.67
XOCHIMILCO,BARRIO AHUALAPA,1078.67
XOCHIMILCO,BARRIO APATLACO,1078.67
XOCHIMILCO,BARRIO BELEN,2091.08
XOCHIMILCO,BARRIO CALPULCO,1078.67
XOCHIMILCO,BARRIO CALYEQUITA,973.16714
XOCHIMILCO,BARRIO CHAPULTEPEC,536.9485714
XOCHIMILCO,BARRIO DEL PUENTE,1078.67
XOCHIMILCO,BARRIO EL CALVARIO,350.3063158
XOCHIMILCO,BARRIO EL ROSARIO,2091.08
XOCHIMILCO,BARRIO LA ASUNCION,1037.757014
XOCHIMILCO,BARRIO LA CANDELARIA,618.68
XOCHIMILCO,BARRIO LA CONCEPCION TLACOAPA,2066.153245
XOCHIMILCO,BARRIO LA GALLERA,1078.67
XOCHIMILCO,BARRIO LA GUADALUPANA,578.2577612
XOCHIMILCO,BARRIO LA GUADALUPITA,2091.08
XOCHIMILCO,BARRIO LA SANTISIMA,2091.08
XOCHIMILCO,BARRIO LAS CRUCES,440.2154054
XOCHIMILCO,BARRIO LAS FLORES,740.5974419
XOCHIMILCO,BARRIO LOS REYES,756.1007692
XOCHIMILCO,BARRIO NIÃ¯Â¿Â½OS HEROES,618.68
XOCHIMILCO,BARRIO POCITOS,1078.67
XOCHIMILCO,BARRIO SAN ANDRES,1078.67
XOCHIMILCO,BARRIO SAN ANTONIO,2099.667924
XOCHIMILCO,BARRIO SAN CRISTOBAL,2085.028527
XOCHIMILCO,BARRIO SAN DIEGO,2091.08
XOCHIMILCO,BARRIO SAN ESTEBAN,2091.08
XOCHIMILCO,BARRIO SAN JOSE PUEBLO SAN LUIS TLAXIALTEMALCO,837.1879839
XOCHIMILCO,BARRIO SAN JUAN,1294.098106
XOCHIMILCO,BARRIO SAN JUAN MINAS,1070.965111
XOCHIMILCO,BARRIO SAN JUAN MOYOTEPEC,1078.67
XOCHIMILCO,BARRIO SAN JUAN PUEBLO SAN LUIS TLAXIALTEMALCO,874.2787679
XOCHIMILCO,BARRIO SAN LORENZO,2037.279585
XOCHIMILCO,BARRIO SAN MARCOS,2232.051571
XOCHIMILCO,BARRIO SAN PEDRO,2491.394224
XOCHIMILCO,BARRIO SANTA CRUCITA,2091.08
XOCHIMILCO,BARRIO TETITLA,1078.67
XOCHIMILCO,BARRIO XALTOCAN,2200.795109
XOCHIMILCO,BOSQUE RESIDENCIAL DEL SUR,3439.4346
XOCHIMILCO,CERRILLOS PRIMERA SECCION,666.1779567
XOCHIMILCO,CERRILLOS SEGUNDA SECCION,657.5715832
XOCHIMILCO,CERRILLOS TERCERA SECCION,286.3868696
XOCHIMILCO,CRISTO REY,768.93
XOCHIMILCO,DEL CARMEN,754.7029374
XOCHIMILCO,EL ARENAL,767.3803738
XOCHIMILCO,EL JAZMIN,1052.975902
XOCHIMILCO,EL MIRADOR,1269.99805
XOCHIMILCO,EL SACRIFICIO,170.1
XOCHIMILCO,GUADALUPITA,993.62
XOCHIMILCO,HUICHAPAN,3140.02284
XOCHIMILCO,JARDINES DEL SUR,2488.706293
XOCHIMILCO,LA CAÃ¯Â¿Â½ADA,1083.14
XOCHIMILCO,LA CANDELARIA,1063.77541
XOCHIMILCO,LA CONCHA,1605.664889
XOCHIMILCO,LA NORIA,2707.667919
XOCHIMILCO,LA PLANTA,1007.777235
XOCHIMILCO,LAS ANIMAS,993.62
XOCHIMILCO,LAS MESITAS,660.52
XOCHIMILCO,LAS PERITAS,2008.2
XOCHIMILCO,LOMAS DE NATIVITAS,1061.687383
XOCHIMILCO,LOMAS DE TONALCO,1549.08
XOCHIMILCO,NATIVITAS,766.0883791
XOCHIMILCO,PASEOS DEL SUR,2740.961117
XOCHIMILCO,PBO SANTIAGO TEPALCATLALPAN U H RCDA DEL SUR,3022.088581
XOCHIMILCO,POTRERO SAN BERNARDINO,2381.167299
XOCHIMILCO,PUEBLO SAN ANDRES AHUAYUCAN,533.5328492
XOCHIMILCO,PUEBLO SAN FRANCISCO TLALNEPANTLA,323.0032817
XOCHIMILCO,PUEBLO SAN GREGORIO ATLAPULCO,1046.560761
XOCHIMILCO,PUEBLO SAN LORENZO ATEMOAYA,1321.100907
XOCHIMILCO,PUEBLO SAN LUCAS XOCHIMANCA,1250.240513
XOCHIMILCO,PUEBLO SAN LUIS TLAXIALTEMALCO,559.907177
XOCHIMILCO,PUEBLO SAN MATEO XALPA,1032.975944
XOCHIMILCO,PUEBLO SANTA CECILIA TEPETLAPA,558.3027586
XOCHIMILCO,PUEBLO SANTA CRUZ ACALPIXCA,1050.233568
XOCHIMILCO,PUEBLO SANTA CRUZ XOCHITEPEC,1527.49113
XOCHIMILCO,PUEBLO SANTA MARÃ¯Â¿Â½A NATIVITAS,1264.515325
XOCHIMILCO,PUEBLO SANTA MARIA TEPEPAN,2073.673523
XOCHIMILCO,PUEBLO SANTIAGO TEPALCATLALPAN,1901.709239
XOCHIMILCO,QUIRINO MENDOZA,993.62
XOCHIMILCO,RANCHO TEJOMULCO,1078.67
XOCHIMILCO,RINCONADA COAPA,2926.405825
XOCHIMILCO,ROSARIO TLALI,598.09
XOCHIMILCO,SAN BARTOLO EL CHICO,3395.346981
XOCHIMILCO,SAN FELIPE,834.7954678
XOCHIMILCO,SAN ISIDRO,993.62
XOCHIMILCO,SAN JERONIMO,1232.306262
XOCHIMILCO,SAN JUAN TEPEPAN,2162.880675
XOCHIMILCO,SAN LORENZO LA CEBADA,2332.182089
XOCHIMILCO,SAN LUCAS ORIENTE,1420.671339
XOCHIMILCO,SAN SALVADOR CUAUHTENCO,357.1665403
XOCHIMILCO,SANTA CRUZ CHAVARRIETA,651.9788571
XOCHIMILCO,SANTA CRUZ DE GUADALUPE,629.54
XOCHIMILCO,SANTA INES,1030.25
XOCHIMILCO,SANTIAGO TEPALCATLALPAN,699.7890549
XOCHIMILCO,SANTIAGUITO,768.93
XOCHIMILCO,TABLAS DE SAN LORENZO,2300.67
XOCHIMILCO,TETITLA DEL PUEBLO SANTA CRUZ ACALPIXCA,1078.67
XOCHIMILCO,TEXMIC,1549.08
XOCHIMILCO,TIERRA NUEVA,2078.785471
XOCHIMILCO,VALLE DE SANTA MARIA,1078.67
XOCHIMILCO,XOCHIPILLI,1078.67
XOCHIMILCO,ZONA RUSTICA,498.3396113